name,latitude,longitude
Target - 675 Woodbury Glassboro Rd,39.76428,-75.13228
Target - Aberdeen - 1025 Middleton Rd,39.5213,-76.178
Target - Aberdeen - 3316 7th Ave SE,45.4575,-98.44
Target - Abilene - 3710 Ridgemont Dr,32.4023,-99.763
Target - Abingdon - 403 Constant Friendship Blvd,39.4603,-76.3167
Target - Abington - 385 Centre Ave,42.1106,-70.9279
Target - Abington Township - 1495 Old York Rd,40.1246,-75.116
Target - Acworth - 3378 Cobb Pkwy NW,34.0398,-84.6835
Target - Addison - 3730 Belt Line Rd,32.9514,-96.8537
Target - Ahwatukee - 4734 E Ray Rd,33.3214,-111.981
Target - Aiken - 2545 Whiskey Rd,33.5044,-81.7112
Target - Alabaster - 250 S Colonial Dr,33.2265,-86.8058
Target - Albany - 1057 Eastshore Hwy,37.8862,-122.307
Target - Albany - 2255 14th Ave SE,44.6304,-123.079
Target - Albany - 2721 Dawson Rd,31.6184,-84.2205
Target - Albuquerque Lomas - 11120 Lomas Blvd NE,35.0855,-106.528
Target - Albuquerque NE - 6100 Paseo Del Norte NE,35.1721,-106.582
Target - Albuquerque NW - 9371 Coors Blvd NW,35.1862,-106.664
Target - Albuquerque Wyoming - 8710 Montgomery Blvd NE,35.13,-106.548
Target - Alexandria - 2206 Memorial Dr,31.2808,-92.4613
Target - Alexandria - 3101 Jefferson Davis Hwy,38.8337,-77.0493
Target - Alexandria - 4404 Highway 29 S,45.8495,-95.3904
Target - Alexandria Hybla Valley - 6600 Richmond Hwy,38.7753,-77.0832
Target - Algonquin - 750 S Randall Rd,42.1625,-88.3399
Target - Alhambra - 2120 W Main St,34.0908,-118.148
Target - Aliso Viejo - 26932 La Paz Rd,33.5708,-117.705
Target - Allen - 907 W McDermott Dr,33.0997,-96.6821
Target - Allen Park - 3100 Fairlane Dr,42.2842,-83.2023
Target - Allentown - 1600 N Cedar Crest Blvd,40.6131,-75.5363
Target - Almeda - 10000 Kleckley Dr,29.627,-95.2325
Target - Alpharetta - 6000 N Point Pkwy,34.047,-84.2874
Target - Altamonte Springs - 886 W State Road 436,28.6631,-81.4177
Target - Alton - 300 Homer M Adams Pkwy,38.9211,-90.1707
Target - Altoona - 153 Sierra Dr,40.4585,-78.4085
Target - Altoona - 3414 8th St SW,41.6421,-93.5063
Target - Amarillo - 8201 I-40 W,35.1858,-101.935
Target - American Fork - 608 W Main St,40.3782,-111.817
Target - Ames - 320 S Duff Ave,42.0194,-93.6074
Target - Amherst - 8000 Oak Point Rd,41.4136,-82.2416
Target - Anaheim - 101 S Euclid St,33.83115,-117.9425
Target - Anaheim Hills - 8148 E Santa Ana Canyon Rd,33.8658,-117.747
Target - Anderson - 3519 Clemson Blvd,34.5499,-82.6798
Target - Anderson - 5501 S Scatterfield Rd,40.0599,-85.6551
Target - Andover - 2000 Bunker Lake Blvd NW,45.218,-93.317
Target - Ankeny - 2135 SE Delaware Ave,41.7094,-93.5791
Target - Ann Arbor - 2000 Waters Rd,42.2439,-83.7697
Target - Ann Arbor East - 3749 Carpenter Rd,42.2358,-83.6778
Target - Ansonia - 20 West Main St,41.3407,-73.0799
Target - Antioch Slatten Ranch - 5769 Lone Tree Way,37.9632,-121.745
Target - Apex - 1201 Beaver Creek Commons Dr,35.7452,-78.8776
Target - Apple Valley - 15150 Cedar Ave,44.7299,-93.2148
Target - Apple Valley - 19201 Bear Valley Rd,34.4684,-117.244
Target - Apple Valley North - 20288 US Highway 18,34.5276,-117.219
Target - Apple Valley South - 15560 Pilot Knob Rd,44.72437,-93.17404
Target - Appleton - 4301 W Wisconsin Ave,44.2713,-88.4709
Target - Appleton East - 1800 S Kensington Dr,44.2452,-88.3573
Target - Arapahoe - 6767 S Clinton St,39.5932,-104.882
Target - Arcadia Crossing - 4515 E Thomas Rd,33.4789,-111.984
Target - Arlington Heights - 1700 E Rand Rd,42.1019,-87.9635
Target - Arlington South - 1600 W Arbrook Blvd,32.6836,-97.1348
Target - Arnold - 3849 Vogel Rd,38.4128,-90.397
Target - Arvada - 7899 Wadsworth Blvd,39.8401,-105.085
Target - Arvada South - 5071 Kipling St,39.7872,-105.112
Target - Asheville - 115 River Hills Rd,35.5732,-82.5219
Target - Asheville South - 17 McKenna Rd,35.448,-82.5361
Target - Atascocita - 6931 FM 1960 Rd E,30.00026,-95.17056
Target - Athens - 3065 Atlanta Hwy,33.9419,-83.4407
Target - Atlanta Edgewood - 1275 Caroline St NE,33.757,-84.3461
Target - Atlanta Midtown - 375 18th St,33.79322,-84.39939
Target - Atlanta Perimeter - 100 Perimeter Center Pl,33.931,-84.3412
Target - Atlantic Terminal - 139 Flatbush Ave,40.685,-73.9766
Target - Atwater - 1000 Commerce Ave,37.34036,-120.6112
Target - Auburn - 2700 Bell Rd,38.9431,-121.096
Target - Auburn Hills - 650 Brown Rd,42.706,-83.2909
Target - Augusta - 119 Crossing Way,44.3124,-69.805
Target - Augusta - 235 Robert C Daniel Jr Pkwy,33.4909,-82.0812
Target - Aurora - 14200 E Ellsworth Ave,39.7081,-104.823
Target - Aurora SE - 16910 E Quincy Ave,39.6366,-104.789
Target - Aurora Saddle Rock - 7400 S Gartrell Rd,39.5811,-104.723
Target - Aurora West - 1400 S Havana St,39.6939,-104.863
Target - Austell - 4125 Austell Rd,33.852,-84.6032
Target - Austin - 1701 18th Ave NW,43.6839,-92.9958
Target - Austin East - 5621 N I H 35,30.3151,-97.7058
Target - Austin NE - 12901 N I H 35 Ste 3-300,30.4098,-97.67
Target - Austin NW - 10900 Lakeline Mall Dr,30.4787,-97.7968
Target - Austin North - 8601 Research Blvd,30.3622,-97.7159
Target - Austin SW - 5300 S Mo Pac Expy,30.2337,-97.8285
Target - Austin South - 2300 W Ben White Blvd,30.2333,-97.7924
Target - Austin Southpark - 9500 S Interstate 35 Ste G,30.16296,-97.79268
Target - Aventura - 21265 Biscayne Blvd,25.9715,-80.1412
Target - Avon - 10209 E US Highway 36,39.761,-86.3423
Target - Avon OH - 35830 Detroit Rd,41.4632,-82.0096
Target - Bainbridge - 18855 N Market Place Dr,41.3602,-81.3763
Target - Bakersfield - 1300 Wible Rd,35.3402,-119.037
Target - Bakersfield NE - 3401 Mall View Rd,35.3939,-118.956
Target - Bakersfield NW - 9100 Rosedale Hwy,35.3846,-119.103
Target - Balcones Heights Crossroads - 4522 Fredricksburg Rd,29.4948,-98.5512
Target - Baldwin Park - 3100 Baldwin Park Blvd,34.0698,-117.978
Target - Ballwin - 15025 Manchester Rd,38.5945,-90.5477
Target - Baltimore West - 3201 Tioga Parkway,39.31741,-76.65498
Target - Bangor - 60 Longview Dr,44.8423,-68.7418
Target - Barboursville - 2070 Thundering Herd Rd,38.4207,-82.288
Target - Bashford Manor - 3600 Mall Rd,38.1986,-85.6707
Target - Batavia - 115 N Randall Rd,41.8556,-88.3426
Target - Batavia - 4300 Veterans Memorial Dr,43.01616,-78.20086
Target - Baton Rouge East - 2001 Millerville Rd,30.4413,-91.0222
Target - Baton Rouge Siegen - 6885 Siegen Ln,30.3851,-91.0601
Target - Battle Creek - 5700 Beckley Rd,42.2622,-85.1883
Target - Bay City - 4135 Wilder Rd,43.6275,-83.8963
Target - Bay Shore - 838 Sunrise Hwy,40.7264,-73.2772
Target - Baybrook - 1801 W Bay Area Blvd,29.5367,-95.1513
Target - Baytown - 4510 Garth Rd,29.7718,-94.9765
Target - Beaumont - 5850 Eastex Fwy,30.1268,-94.1546
Target - Beavercreek - 2490 N Fairfield Rd,39.7639,-84.051
Target - Beaverton - 10775 SW Beaverton Hillsdale Hwy,45.4878,-122.788
Target - Bedford - 220 S River Rd,42.9412,-71.4722
Target - Bedford - 22735 Rockside Rd,41.4066,-81.5258
Target - Bedford Park - 7100 S Cicero Ave,41.7627,-87.7431
Target - Bee Cave - 3702 Ranch Rd 620 S,30.3165,-97.9543
Target - Beechmont Area - 8680 Beechmont Ave,39.0735,-84.3132
Target - Bel Air - 580 Marketplace Dr,39.5252,-76.3501
Target - Bel-Air - 3150 Bel Air Mall,30.673,-88.1248
Target - Belleville - 5601 Belleville Crossing St,38.52641,-90.03404
Target - Bellevue - 2050 Lime Kiln Rd,44.465,-87.9851
Target - Bellevue - 3808 Twin Creek Dr,41.1419,-95.9703
Target - Bellingham - 30 Bellis Fair Pkwy,48.7848,-122.489
Target - Belton - 1106 E North Ave,38.8156,-94.516
Target - Bemidji - 2100 Paul Bunyan Dr NW,47.4938,-94.9104
Target - Bend - 63435 N Highway 97,44.1053,-121.3
Target - Benton Harbor - 960 Fairplain Dr,42.0812,-86.4348
Target - Bessemer - 4889 Promenade Pkwy,33.33388,-86.99048
Target - Bethel - 7 Stony Hill Rd,41.4155,-73.4015
Target - Biddeford - 430 Mariner Way,43.4737,-70.5112
Target - Big Flats - 930 County Road 64,42.154,-76.8709
Target - Billings - 2601 Central Ave,45.7705,-108.583
Target - Billings East - 403 Main St,45.8054,-108.473
Target - Binghamton Vestal - 3112 Vestal Pkwy E,42.0942,-76.0017
Target - Bird Road - 7795 SW 40th St,25.7354,-80.3209
Target - Birdcage-Citrus Heights - 5837 Sunrise Blvd,38.6728,-121.274
Target - Birmingham 280 Corridor - 4616 Highway 280 S,33.4258,-86.7118
Target - Bismarck - 600 Kirkwood Mall,46.7985,-100.785
Target - Bitters - 13700 San Pedro Ave,29.565,-98.4798
Target - Blaine - 1500 109th Ave NE,45.1659,-93.2329
Target - Bloomington - 2555 W 79th St,44.8602,-93.3116
Target - Bloomington - 2966 E 3rd St,39.1621,-86.4942
Target - Bloomington Normal - 301 Veterans Pkwy,40.5064,-88.9555
Target - Boardman - 417 Boardman Poland Rd,41.0212,-80.6463
Target - Boise - 633 N Milwaukee St,43.6105,-116.286
Target - Boise NW - 6280 N Eagle Rd,43.6619,-116.353
Target - Bolingbrook - 1188 W Boughton Rd,41.7048,-88.1219
Target - Bonita Springs - 26831 S Tamiami Trl,26.3501,-81.8055
Target - Bonney Lake - 9400 192nd Ave E,47.1712,-122.172
Target - Boot Ranch - 900 E Lake Rd,28.0635,-82.7072
Target - Bossier City - 2735 Beene Blvd,32.5591,-93.7085
Target - Boston South Bay - 7 Allstate Rd,42.3291,-71.0626
Target - Boulder - 2800 Pearl St,40.0216,-105.257
Target - Boulevard Mall - 1575 Niagara Falls Blvd,42.9987,-78.8184
Target - Bowie - 4600 Mitchellville Rd,38.9526,-76.7221
Target - Bowling Green - 160 American Ave,36.9504,-86.4382
Target - Boynton Beach SE - 650 N Congress Ave,26.5332,-80.0867
Target - Boynton Beach West - 10201 Hagen Ranch Rd,26.5263,-80.1658
Target - Bozeman - 2550 Catron Rd,45.7127,-111.071
Target - Bradenton - 6150 14th St W,27.4323,-82.5784
Target - Bradley - 1615 N State Route 50,41.1727,-87.8542
Target - Brainerd - 14546 Dellwood Dr N,46.3631,-94.2423
Target - Brandon - 187 Brandon Town Center Dr,27.937,-82.3233
Target - Brandon South - 10150 Bloomingdale Ave,27.89529,-82.33301
Target - Brandywine - 1050 Brandywine Pkwy,39.8305,-75.5408
Target - Branson - 1200 Branson Hills Parkway,36.6738,-93.2257
Target - Brentwood - 25 Brentwood Promenade Ct,38.6278,-90.3438
Target - Brentwood - 780 Old Hickory Blvd,36.043,-86.7779
Target - Brick - 570 Route 70,40.0583,-74.1498
Target - Bridgeport - 2800 Meadowbrook Mall,39.3094,-80.2747
Target - Bridgeton - 12275 Saint Charles Rock Rd,38.7538,-90.4263
Target - Bridgewater - 200 Promenade Blvd,40.5623,-74.5533
Target - Brighton - 2171 Prairie Center Pkwy,39.9564,-104.777
Target - Brighton - 8043 Challis Rd,42.5453,-83.7919
Target - Bristol - 16600 Highlands Center Blvd,36.637,-82.1095
Target - Broadview - 800 Broadview Village Sq,41.8506,-87.8494
Target - Brookhurst - 13831 Brookhurst St,33.7618,-117.956
Target - Brooklyn Center - 6100 Shingle Creek Pkwy,45.0656,-93.307
Target - Brooklyn Junction - 1598 Flatbush Ave,40.63136,-73.94668
Target - Brooklyn Park - 7535 W Broadway Ave,45.0913,-93.378
Target - Broomfield - 1660 W Midway Blvd,39.9207,-105.089
Target - Brownsville - 2940 Boca Chica Blvd,25.9201,-97.4759
Target - Brownsville North - 301 E Morrison Rd,25.9686,-97.5118
Target - Brunswick - 200 Glynn Isle,31.2019,-81.4817
Target - Bryan - 3061 Wildflower Dr,30.66472,-96.32202
Target - Bryant - 7377 Alcoa Road,34.6043,-92.5321
Target - Buckhead - 3535 Peachtree Rd NE,33.8532,-84.3585
Target - Buckhead South - 2539 Piedmont Rd NE,33.8251,-84.3663
Target - Buena Park - 7530 Orangethorpe Ave,33.8575,-118.0
Target - Buffalo - 1300 State Highway 55 NE,45.1645,-93.8552
Target - Buford - 3205 Woodward Crossing Blvd,34.07,-83.9824
Target - Bullhead City - 3699 Hwy 95,35.05113,-114.59182
Target - Burbank - 1800 W Empire Ave,34.1893,-118.33
Target - Burleson - 200 NW John Jones Dr,32.5263,-97.3447
Target - Burlington - 1475 University Dr,36.0665,-79.5175
Target - Burlington - 199 Cascade Mall Dr,48.4606,-122.337
Target - Burlington - 2703 Route 541,40.0357,-74.8229
Target - Burlington - 525 S Gear Ave,40.8199,-91.1721
Target - Burnsville - 810 County Rd 42 W,44.7482,-93.28852
Target - Butler - 110 Butler Commons,40.8754,-79.9419
Target - Calumet City - 1717 E West Rd,41.5983,-87.5657
Target - Camarillo - 209 W Ventura Blvd,34.2173,-119.073
Target - Cambridge - 215 Balsam St N,45.5742,-93.2008
Target - Camillus - 3657 W Genesee St,43.0466,-76.2359
Target - Canton - 43670 Ford Rd,42.3232,-83.4718
Target - Canton - 5584 Dressler Rd NW,40.8622,-81.4313
Target - Canton South - 47330 Michigan Ave,42.26914,-83.50268
Target - Cape Coral - 2430 Santa Barbara Blvd,26.6064,-81.9771
Target - Cape Coral North - 1890 Pine Island Road NE,26.66945,-81.93371
Target - Cape Girardeau - 202 Siemers Dr,37.2997,-89.5806
Target - Capital Blvd - 4700 Green Rd,35.8481,-78.585
Target - Carlisle - 246 Westminster Dr,40.1962,-77.1572
Target - Carmel - 15160 N Meridian St,40.0083,-86.1286
Target - Carmel West - 10401 N Michigan Rd,39.9364,-86.2324
Target - Carrollton - 1129 S Park St,33.5585,-85.0763
Target - Carrollton - 2620 N Josey Ln,32.9871,-96.8897
Target - Carson - 651 W Sepulveda Blvd,33.80946,-118.28619
Target - Carson City - 910 Jacks Valley Rd,39.1,-119.777
Target - Carson North - 20700 S Avalon Blvd Ste 750,33.8461,-118.263
Target - Cartersville - 100 Cherokee Pl,34.1725,-84.786
Target - Cary - 2021 Walnut St,35.7564,-78.7383
Target - Casa Grande - 951 N Promenade Pkwy,32.88092,-111.68423
Target - Casper - 401 SE Wyoming Blvd,42.8474,-106.264
Target - Casselberry - 4410 S Highway 17 92,28.6713,-81.3402
Target - Castle Rock - 5010 Founders Pkwy,39.4082,-104.857
Target - Castleton - 8448 Center Run Dr,39.9102,-86.0586
Target - Cedar Hill - 739 N Highway 67,32.603,-96.9355
Target - Cedar Park - 1101 C-Bar Ranch Trail Lot #2,30.5277,-97.8143
Target - Cedar Rapids North - 1030 Blairs Ferry Rd NE,42.0362,-91.6505
Target - Cedar Rapids South - 3400 Edgewood Rd SW,41.9443,-91.7176
Target - Center Township - 87 Wagner Rd,40.681,-80.3127
Target - Centerville - 200 N Market Place Dr,40.9182,-111.887
Target - Central Islip - 160 N Research Pl,40.7721,-73.2003
Target - Cerritos - 20200 Bloomfield Ave,33.8472,-118.063
Target - Cerritos West - 11525 South St,33.8594,-118.089
Target - Chambersburg - 913 Norland Ave,39.9416,-77.6277
Target - Champaign - 2102 N Prospect Ave,40.1417,-88.2558
Target - Champlin - 11990 Business Park Blvd N,45.1728,-93.388
Target - Chandler - 2150 N Arizona Ave,33.3383,-111.844
Target - Chandler West Santan - 3425 W Frye Rd,33.2963,-111.899
Target - Chanhassen - 851 W 78th St,44.8614,-93.5437
Target - Chantilly - 14391 Chantilly Crossing Ln,38.8964,-77.4436
Target - Charleston - 30 Rhl Blvd,38.3386,-81.7138
Target - Charleston South - 2070 Sam Rittenberg Blvd,32.7981,-80.0321
Target - Charlotte East - 8830 Albemarle Rd,35.2092,-80.6968
Target - Charlotte Far South - 9870 Rea Rd,35.0342,-80.8068
Target - Charlotte Midtown - 900 Metropolitan Ave Ste 2,35.21414,-80.83479
Target - Charlotte North - 9841 Northlake Centre Pkwy,35.34987,-80.85977
Target - Charlotte SE - 1900 Matthews Township Pkwy,35.1225,-80.707
Target - Charlotte SW - 12830 Walker Branch Dr,35.0998,-80.987
Target - Charlotte South - 7860 Rea Rd,35.0594,-80.816
Target - Charlottesville - 312 Connor Dr,38.1296,-78.4405
Target - Chaska - 111 Pioneer Trl,44.8273,-93.6001
Target - Chattanooga East - 1816 Gunbarrel Rd,35.0251,-85.1566
Target - Chattanooga North - 5579 Highway 153,35.1435,-85.248
Target - Cheektowaga - 4920 Transit Rd,42.8788,-78.6989
Target - Cherry Hill - 2137 Route 38,39.9346,-75.0256
Target - Chesapeake East - 1316 Greenbrier Pkwy,36.7716,-76.2314
Target - Chesapeake South - 233 Carmichael Way,36.6613,-76.2342
Target - Chesapeake Sq Mall - 4200 Portsmouth Blvd,36.8269,-76.4142
Target - Chester - 2530 Weir Rd,37.3518,-77.4106
Target - Chesterfield - 40 THF Blvd,38.6671,-90.5858
Target - Chesterfield - 51400 Gratiot Ave,42.677,-82.8293
Target - Cheyenne - 1708 Dell Range Blvd,41.1615,-104.8
Target - Chicago Brickyard - 6525 W Diversey Ave,41.9275,-87.7876
Target - Chicago McKinley Park - 1940 W 33rd St,41.835,-87.6748
Target - Chicago Mid North - 2939 W Addison St,41.9454,-87.7005
Target - Chicago Near North - 2656 N Elston Ave,41.9291,-87.6858
Target - Chicago Peterson Ave - 2112 W Peterson Ave,41.9913,-87.6823
Target - Chicago South - 8560 S Cottage Grove Ave,41.7388,-87.6067
Target - Chicago South Loop - 1154 S Clark St,41.8683,-87.6312
Target - Chicago South Pulaski - 4433 S Pulaski Rd,41.8122,-87.7228
Target - Chico - 1951 E 20th St,39.7256,-121.807
Target - Chino - 5555 Philadelphia St,34.0312,-117.684
Target - Chino Hills - 3944 Grand Ave,34.0022,-117.719
Target - Christiansburg - 195 Conston Ave,37.1578,-80.422
Target - Chula Vista Broadway - 1240 Broadway,32.6046,-117.08
Target - Chula Vista East - 910 Eastlake Pkwy,32.6498,-116.969
Target - Chula Vista North 4th - 40 N 4th Ave,32.6512,-117.089
Target - Cicero - 2901 S Cicero Ave,41.8395,-87.7418
Target - Cicero - 8061 Brewerton Rd,43.1619,-76.1224
Target - Cincinnati Central - 4825A Marburg Ave,39.1623,-84.4261
Target - Cityplace Market - 2417 N Haskell Ave,32.8041,-96.7903
Target - Cityview - 5700 Overton Ridge Blvd,32.6787,-97.4134
Target - Clackamas - 9000 SE Sunnyside Rd,45.4318,-122.571
Target - Clark - 45 Central Ave,40.6277,-74.3074
Target - Clarkstown - 4120 Palisades Center Dr,41.0965,-73.9534
Target - Clarksville - 2823 Wilma Rudolph Blvd,36.5869,-87.2928
Target - Clay - 3857 State Route 31,43.1878,-76.2464
Target - Clear Lake Shores - 255 Marina Bay Dr,29.5393,-95.0244
Target - Clearwater - 2747 Gulf To Bay Blvd,27.9589,-82.7268
Target - Clermont - 2660 East Hwy 50,28.5491,-81.7053
Target - Cleveland - 4570 Frontage Rd NW,35.21589,-84.86606
Target - Cleveland South - 3535 Steelyard Dr,41.4608,-81.6902
Target - Cleveland West - 3100 W 117th St,41.4683,-81.7739
Target - Clifton - 30 Kingsland Rd,40.8258,-74.1366
Target - Clifton Park - 26 Crossing Blvd,42.8568,-73.7724
Target - Clinton - 2900 S 25th St,41.8163,-90.2438
Target - Clinton Pointe - 33860 S Gratiot Ave,42.5458,-82.9031
Target - Clovis - 900 Shaw Ave,36.8067,-119.698
Target - Clovis NW - 695 W Herndon Ave,36.8386,-119.728
Target - Cobb - 740 Ernest W Barrett Pkwy NW,34.0095,-84.5735
Target - Cobb NE - 3040 Shallowford Rd,34.0353,-84.4605
Target - Coconut Point - 8040 Mediterranean Dr,26.40385,-81.80563
Target - Coeur d&apos;Alene - 315 W Canfield Ave,47.7345,-116.791
Target - Colerain - 9040 Colerain Ave,39.2359,-84.5896
Target - College Point - 13505 20th Ave,40.7831,-73.8333
Target - College Station - 2100 Texas Ave S,30.6108,-96.315
Target - Collierville - 325 New Byhalia Rd,35.0496,-89.6903
Target - Colma - 5001 Junipero Serra Blvd,37.6736,-122.465
Target - Colonial Heights - 721 Southpark Blvd,37.2481,-77.3877
Target - Colonie Northway - 1440 Central Ave,42.7049,-73.8241
Target - Colorado Springs - 335 N Academy Blvd,38.8381,-104.756
Target - Colorado Springs East - 3810 Bloomington St,38.888,-104.718
Target - Colorado Springs NE - 9670 Prominent Pt,38.9726,-104.745
Target - Colorado Springs North - 5240 N Academy Blvd,38.9054,-104.78
Target - Columbia - 2400 Bernadette Dr,38.9635,-92.3733
Target - Columbia - 6111 Dobbin Rd,39.1971,-76.8139
Target - Columbia Garners Ferry - 6090A Garners Ferry Rd,33.9818,-80.9686
Target - Columbia Heights - 3100 14th St NW Suite 201,38.92913,-77.03373
Target - Columbia NE - 10204 Two Notch Rd,34.1185,-80.8775
Target - Columbia NW - 134 Harbison Blvd,34.0668,-81.1653
Target - Columbus - 1591 Bradley Park Dr,32.5343,-84.9716
Target - Columbus - 1865 N National Rd,39.2192,-85.885
Target - Columbus Central - 1717 Olentangy River Rd,39.9938,-83.0266
Target - Columbus East - 8100 E Broad St,39.9872,-82.7858
Target - Columbus Far SW - 1970 Hilliard Rome Rd,39.99063,-83.1501
Target - Columbus NE - 4199 Morse Xing,40.0568,-82.9221
Target - Columbus NW - 6000 Sawmill Rd,40.0902,-83.09
Target - Columbus SE - 5855 Chantry Dr,39.9222,-82.8341
Target - Columbus SW - 3720 Soldano Blvd,39.9566,-83.1005
Target - Commack - 98 Veterans Memorial Hwy,40.8389,-73.2852
Target - Commack South - 4 Henry St,40.8093,-73.2871
Target - Commerce - 5600 Whittier Blvd,34.0184,-118.152
Target - Commerce Township - 495 Haggerty Hwy,42.534,-83.4415
Target - Compton-Rancho Dom - 1621 South Alameda St,33.87996,-118.21941
Target - Concord - 80 Damante Dr,43.2189,-71.4844
Target - Concord Township - 600 Hatton Dr,39.88279,-75.52817
Target - Conroe - 503 I 45 N,30.3131,-95.4737
Target - Conway - 501 Elsinger Blvd,35.0871,-92.4135
Target - Conyers - 2195 Highway 20 SE,33.6318,-84.0157
Target - Cool Springs - 1701 Galleria Blvd,35.9656,-86.8128
Target - Coon Rapids - 3300 124th Ave NW,45.195,-93.3506
Target - Copiague - 1149 Sunrise Hwy,40.688,-73.4068
Target - Copperfield - 6955 Highway 6 N,29.8778,-95.6469
Target - Coral Springs - 4400 N State Road 7,26.28544,-80.20361
Target - Coral Springs NW - 9600 Westview Dr,26.29701,-80.25164
Target - Cordova - 475 N Germantown Pkwy,35.1383,-89.7976
Target - Corona - 2615 Tuscanny St,33.8244,-117.511
Target - Corpus Christi - 5425 S Padre Island Dr,27.7067,-97.3735
Target - Costa Mesa - 3030 Harbor Blvd Ste A,33.6825,-117.918
Target - Cottage Grove - 8655 E Point Douglas Rd S,44.8156,-92.9307
Target - Council Bluffs - 1751 Madison Ave,41.2472,-95.822
Target - Covington - 69320 Highway 21,30.4433,-90.1402
Target - Cranberry - 1717 Route 228,40.6879,-80.0844
Target - Crestwood - 5071 Cal Sag Rd,41.6514,-87.7409
Target - Crystal - 5537 W Broadway Ave,45.0528,-93.3655
Target - Crystal Lake - 5580 Northwest Hwy,42.2284,-88.3055
Target - Culpeper - 15341 Montanus Dr,38.481,-77.9637
Target - Culver City - 10820 Jefferson Blvd,33.9994,-118.394
Target - Cumming - 1525 Market Place Blvd,34.1861,-84.1341
Target - Cupertino - 20745 Stevens Creek Blvd,37.324,-122.036
Target - Cutler Ridge - 20500 SW 112th Ave,25.576,-80.3746
Target - Cuyahoga Falls - 449 Howe Ave,41.1208,-81.4775
Target - Cypress - 25901 Highway 290,29.9696,-95.6962
Target - Cypress - 6835 Katella Ave,33.8039,-118.012
Target - Dadeland - 8350 S Dixie Hwy,25.6926,-80.3054
Target - Dallas NE - 6419 Skillman St,32.8661,-96.7449
Target - Dallas South - 39739 LBJ Fwy,32.6489,-96.8612
Target - Daly City Serramonte - 133 Serramonte Ctr,37.6704,-122.471
Target - Danvers - 240 Independence Way,42.5524,-70.9372
Target - Danville - 1550 Holt Garrison Pkwy,36.59915,-79.41855
Target - Daphne - 1698 US Highway 98,30.6027,-87.8964
Target - Dardenne Prairie - 7955 Highway N,38.7689,-90.7683
Target - Davenport - 5225 Elmore Ave,41.5723,-90.5263
Target - Davie - 5800 S University Dr,26.0467,-80.25
Target - Dayton South - 2300 Miamisburg Centerville Rd,39.6339,-84.2137
Target - Daytona Beach - 2380 W International Speedway Blvd,29.1839,-81.0801
Target - Dearborn - 15901 Ford Rd,42.3279,-83.1971
Target - Dearborn Heights - 26650 Ford Rd,42.3284,-83.3006
Target - Decatur - 1235 Point Mallard Parkway SE,34.56044,-86.97176
Target - Decatur - 355 W Mound Rd,39.8899,-88.9589
Target - Deer Valley - 16806 N 7th St,33.63811,-112.06935
Target - Deerfield Beach - 1200 S Federal Hwy,26.3032,-80.0926
Target - Deerfield Beach W - 3599 W Hillsboro Blvd,26.31891,-80.15136
Target - Dekalb - 2555 Sycamore Rd,41.9543,-88.7256
Target - Delafield - 2553 Sun Valley Dr,43.051,-88.3768
Target - Delran - 4004 Route 130 N,40.0123,-74.9581
Target - Delray Beach - 1200 Linton Blvd,26.4366,-80.0868
Target - Denton - 1801 S Loop 288,33.19,-97.0984
Target - Denver SW - 9390 W Cross Dr,39.6108,-105.1015
Target - Denver Stapleton - 7930 E 49th Ave,39.7886,-104.9
Target - Denver West - 14500 W Colfax Ave Unit B1,39.732,-105.157
Target - Deptford - 1900 Deptford Center Rd,39.8297,-75.0918
Target - Des Moines North - 5901 Douglas Ave,41.6314,-93.7008
Target - Destin - 853 Harbor Blvd,30.3912,-86.4807
Target - Diamond Bar - 747 Grand Ave,34.0034,-117.821
Target - Dickson City - 1140 Commerce Blvd,41.4657,-75.6379
Target - Dixie Highway - 9070 Dixie Hwy,38.1248,-85.855
Target - Dothan - 4601 Montgomery Hwy Ste 300,31.2672,-85.4409
Target - Douglas County - 1950 E County Line Rd,39.5652,-104.965
Target - Douglasville - 2950 Chapel Hill Rd,33.7261,-84.7346
Target - Dover - 148 John Hunn Brown Rd,39.1594,-75.5105
Target - Duarte - 1050 Huntington Dr,34.1382,-117.983
Target - Dublin - 7200 Amador Plaza Rd,37.7068,-121.931
Target - Dubuque - 3500 Dodge St,42.4907,-90.7222
Target - Duluth - 1902 Miller Trunk Hwy,46.8087,-92.1681
Target - Dumfries - 4310 Fortuna Center Plz,38.5967,-77.3328
Target - Durham - 4037 Durham Chapel Hill Blvd,35.9674,-78.9582
Target - Durham SE - 8210 Renaissance Pkwy,35.9038,-78.9505
Target - Eagan - 2000 Cliff Lake Rd,44.791,-93.2058
Target - Eagle Creek - 6925 W 38th St,39.8214,-86.2801
Target - East Colonial - 718 Maguire Blvd,28.5551,-81.3456
Target - East Flint - 3701 Lapeer Rd,43.0121,-83.6381
Target - East Greenbush - 625 3rd Ave Ext,42.6451,-73.7007
Target - East Hanover - 130 State Route 10,40.8122,-74.3799
Target - East Lansing - 4890 Marsh Rd,42.7233,-84.4214
Target - East Point - 3660 Marketplace Blvd,33.6578,-84.5003
Target - East St Paul - 1744 Suburban Ave,44.9502,-93.0281
Target - East Windsor - 70 Princeton Hightstown Rd,40.2771,-74.5415
Target - Eastchase - 8550 East Fwy,32.7586,-97.1696
Target - Eastern Hills - 8290 Transit Rd,42.995,-78.6981
Target - Eastland - 18000 Vernier Rd,42.447,-82.9368
Target - Easton - 28539 Marlboro Ave,38.7813,-76.08762
Target - Easton - 41 Robert Dr,42.0282,-71.142
Target - Eau Claire - 3649 S Hastings Way,44.7806,-91.4333
Target - Eden Prairie - 8225 Flying Cloud Dr,44.8545,-93.425
Target - Edgewater - 1985 Sheridan Blvd,39.74613,-105.05583
Target - Edgewater - 543 River Rd,40.8135,-73.9821
Target - Edina - 7000 York Ave S,44.87549,-93.32301
Target - Edmond - 1200 E 2nd St,35.6507,-97.4636
Target - Edwardsville - 2350 Troy Rd,38.7834,-89.9488
Target - El Cajon - 250 Broadway,32.8091,-116.96
Target - El Centro - 2295 N Imperial Ave,32.8133,-115.569
Target - El Dorado Hills - 4400 Town Center Blvd,38.64982,-121.06308
Target - El Paso Central - 6101 W Gateway Blvd,31.7838,-106.413
Target - El Paso East - 1901 George Dieter Dr,31.7698,-106.305
Target - El Paso Far East - 1874 Joe Battle Blvd,31.7589,-106.266
Target - El Paso West - 801 Sunland Park Dr,31.8182,-106.548
Target - Elgin - 300 S Randall Rd,42.0258,-88.3413
Target - Elizabethtown - 1631 Ring Rd,37.7287,-85.8805
Target - Elk Grove - 7505 Laguna Blvd,38.4266,-121.416
Target - Elk River - 19146 Freeport St,45.3156,-93.5633
Target - Ellicott City - 4390 Montgomery Rd,39.2511,-76.8197
Target - Elyria - 240 Market Dr,41.3888,-82.1083
Target - Encinitas - 1010 N El Camino Real,33.0633,-117.265
Target - Enfield - 90 Elm St,41.9951,-72.5825
Target - Erie - 6700 Peach St,42.0572,-80.0919
Target - Escondido - 1280 Auto Park Way,33.1135,-117.1
Target - Eugene - 4575 W 11th Ave,44.0492,-123.171
Target - Euless - 1401 W Glade Rd,32.882,-97.1016
Target - Eureka - 2525 4th St,40.8055,-124.145
Target - Evans - 4223 Washington Rd,33.5267,-82.1184
Target - Evanston - 2209 Howard St,42.0203,-87.7061
Target - Evansville - 6625 E Lloyd Expy,37.9756,-87.4709
Target - Evansville North - 4000 1st Ave,38.0157,-87.5764
Target - Everett - 1 Mystic View Rd,42.3992,-71.072
Target - Everett - 405 SE Everett Mall Way,47.9099,-122.227
Target - Exton - 201 Sunrise Blvd,40.039,-75.6294
Target - Factoria - 4053 Factoria Square Mall SE,47.5747,-122.172
Target - Fair Lakes - 13047 Fair Lakes Shopping Ctr,38.8557,-77.3935
Target - Fairfax - 10301 New Guinea Rd,38.7988,-77.3012
Target - Fairfield - 2059 Cadenasso Dr,38.2466,-122.069
Target - Fairfield - 632 Route 46 E,40.8895,-74.2718
Target - Fairfield Township - 3369 Princeton Rd,39.3897,-84.5044
Target - Fairlawn - 2801 W Market St,41.1273,-81.6053
Target - Fairview - 21500 NE Halsey St,45.5327,-122.443
Target - Fairview Heights - 4701 N Illinois St,38.5726,-89.98721
Target - Fairview Park - 20900 Westgate Mall,41.4584,-81.8505
Target - Falls Church - 6100 Arlington Blvd,38.8693,-77.1438
Target - Far North Scottsdale - 32351 N Scottsdale Rd,33.7795,-111.923
Target - Fargo - 4202 13th Ave SW,46.8607,-96.853
Target - Farmingdale - 100 Willow Park Ctr,40.7514,-73.4198
Target - Farmington - 4900 E Main St,36.7682,-108.148
Target - Farmington Hills - 30020 Grand River Ave,42.4522,-83.3441
Target - Farragut - 11100 Parkside Dr,35.9009,-84.1487
Target - Fayetteville - 107 Pavilion Pkwy,33.4808,-84.4427
Target - Fayetteville - 2056 Skibo Rd,35.0553,-78.9748
Target - Fayetteville - 340 Towne Dr,43.0313,-76.0193
Target - Fayetteville - 3545 N Shiloh Dr,36.1157,-94.1555
Target - Federal Way - 2201 S Commons,47.3136,-122.309
Target - Fenton - 197 Gravois Bluffs Plaza Dr,38.5025,-90.4465
Target - Fenton - 3255 Owen Rd,42.7876,-83.7372
Target - Fergus Falls - 2300 College Way,46.2912,-96.1135
Target - Fields Ertel - 9841 Waterstone Blvd,39.296,-84.3059
Target - Fishers - 11750 Commercial Dr,39.9591,-86.0108
Target - Fitchburg - 6321 McKee Road,43.0139,-89.4828
Target - Flagstaff - 1650 S Milton Rd,35.184,-111.66
Target - Fleming Island - 1490 County Rd 220,30.1037,-81.7081
Target - Flint - G3515 Miller Rd,42.9838,-83.7496
Target - Florence - 1100 Hansel Dr,39.0197,-84.6339
Target - Florence - 2791 David H Mcleod Blvd,34.1928,-79.838
Target - Florence - 372 Cox Creek Pkwy,34.842,-87.635
Target - Florissant - 2341 N Highway 67,38.8052,-90.3102
Target - Flower Mound - 5959 Long Prairie Rd,33.0683,-97.0807
Target - Flowery Branch - 5865 Spout Springs Rd,34.17945,-83.91168
Target - Flowood - 170 Promenade Blvd,32.3435,-90.0586
Target - Folsom - 430 Blue Ravine Rd,38.6717,-121.152
Target - Fond du Lac - 485 N Rolling Meadows Dr,43.7903,-88.4839
Target - Fontana - 16964 Slover Ave,34.0649,-117.434
Target - Fontana North - 15272 Summit Ave,34.1519,-117.474
Target - Foothill Ranch - 26762 Portola Pkwy,33.6776,-117.664
Target - Forest Hill - 7107 Forest Hill Ave,37.5343,-77.5274
Target - Forest Lake - 356 12th St SW,45.2748,-92.9996
Target - Forestville - 3101 Donnell Dr,38.8483,-76.8862
Target - Fort Collins - 105 W Troutman Pkwy,40.5275,-105.079
Target - Fort Collins East - 2936 Council Tree Ave,40.52638,-105.02236
Target - Fort Dodge - 2910 1st Ave S,42.506,-94.1622
Target - Fort Myers North - 9350 Dynasty Dr,26.61553,-81.80162
Target - Fort Myers SW - 15880 San Carlos Blvd,26.50958,-81.94463
Target - Fort Union - 7025 Park Centre Dr,40.6229,-111.85
Target - Fort Worth Central - 301 Carroll St,32.7532,-97.3529
Target - Fountain Hills - 16825 E Shea Blvd,33.5738,-111.718
Target - Four Points - 11220 FM 2222,30.4039,-97.8531
Target - Framingham - 400 Cochituate Rd,42.3042,-71.402
Target - Franklin - 3064 Columbia Ave,35.8927,-86.8803
Target - Franklin - 7800 S Lovers Lane Rd,42.90423,-88.03766
Target - Frederick - 5437 Urbana Pike,39.3821,-77.3982
Target - Fredericksburg - 1180 Carl D Silver Pkwy,38.2987,-77.5106
Target - Fredericksburg S. - 9785 Jefferson Davis Hwy,38.2247,-77.5015
Target - Fremont Hub - 39201 Fremont Blvd,37.5451,-121.985
Target - Fresno Central - 5740 N Blackstone Ave,36.8222,-119.788
Target - Fresno North - 7600 N Blackstone Ave,36.8459,-119.788
Target - Fresno South - 3173 E Shields Ave,36.7803,-119.772
Target - Fresno West - 3150 W Shaw Ave,36.8097,-119.847
Target - Fridley - 755 53rd Ave NE,45.0659,-93.2512
Target - Frisco - 3201 Preston Rd,33.1048,-96.8123
Target - Frisco North - 4885 Eldorado Pkwy,33.17331,-96.84392
Target - Front Royal - 10 Crooked Run Plaza,38.9659,-78.194
Target - Ft Lauderdale - 3200 N Federal Hwy,26.168,-80.1158
Target - Ft Wayne NE - 6119 Stellhorn Rd,41.122,-85.0639
Target - Ft. Myers - 13711 S Tamiami Trl,26.5423,-81.8691
Target - Ft. Wayne Glenbrook - 3801 Coldwater Rd,41.1111,-85.1364
Target - Fullerton - 2920 Yorba Linda Blvd,33.8887,-117.874
Target - Fullerton South - 200 W Orangethorpe Ave,33.8584,-117.925
Target - Fultondale - 3489 Lowery Pkwy,33.60681,-86.80629
Target - Gainesville - 13301 Gateway Center Dr,38.7956,-77.6056
Target - Gainesville - 3970 SW Archer Rd,29.6211,-82.3836
Target - Gainesville - 514 Shallowford Rd NW,34.2905,-83.846
Target - Gaithersburg - 25 Grand Corner Ave,39.1194,-77.2021
Target - Galesburg - 1071 W Carl Sandburg Dr,40.9759,-90.3853
Target - Galleria - 4323 San Felipe St,29.7461,-95.4532
Target - Galveston - 6128 Broadway St,29.2904,-94.8407
Target - Gandy - 3625 W Gandy Blvd,27.8943,-82.5042
Target - Garden City - 2401 E Kansas Ave,37.9797,-100.843
Target - Garden Grove Harbor - 12100 Harbor Blvd,33.7875,-117.914
Target - Gardena - 2169 W Redondo Beach Blvd,33.8866,-118.317
Target - Garland - 1122 W Centerville Rd,32.856,-96.644
Target - Garland East - 5301 N Garland Ave,32.9653,-96.6441
Target - Garner - 2700 Timber Dr,35.7157,-78.6381
Target - Garner East - 1040 Timber Dr E,35.6876,-78.5797
Target - Gastonia - 197 Old New Hope Rd,35.2608,-81.1539
Target - Gateway - 11826 NE Glisan St,45.525,-122.54
Target - Gateway - 519 Gateway Dr,40.6522,-73.8697
Target - Georgetown - 1021 W University Ste B3,30.6312,-97.6964
Target - Germantown - 20908 Frederick Rd,39.1992,-77.2489
Target - Germantown - 9235 Poplar Ave,35.0652,-89.7559
Target - Gig Harbor - 11400 51st Ave NW,47.3607,-122.608
Target - Gilbert - 1515 E Warner Rd,33.3342,-111.757
Target - Gilbert SE - 5110 S Power Rd,33.3228,-111.688
Target - Gilbert SW - 3931 S Gilbert Rd,33.279,-111.788
Target - Gilroy - 6705 Camino Arroyo,37.0009,-121.551
Target - Glen Burnie - 7951 Nolpark Ct,39.1332,-76.6343
Target - Glen Burnie North - 6717 Ritchie Hwy,39.1907,-76.611
Target - Glendale - 10404 N 43rd Ave,33.58051,-112.15332
Target - Glendale - 2195 Glendale Galleria,34.1445,-118.259
Target - Glendale - 4301 E Virginia Ave,39.7085,-104.938
Target - Glendale Heights - 175 W Army Trail Rd,41.9378,-88.0998
Target - Glenview - 2241 Willow Rd,42.1029,-87.8135
Target - Glenwood Springs - 110 W Meadows Dr,39.5578,-107.352
Target - Gloucester Township - 487 Cross Keys Rd,39.7462,-74.9943
Target - Goldsboro - 1204 Sunburst Dr,35.3791,-77.9392
Target - Golf Mills - 239 Golf Mill Ctr,42.0531,-87.8389
Target - Goodyear - 1515 N Litchfield Rd,33.4632,-112.356
Target - Goshen - 3938 Midway Rd,41.6222,-85.9051
Target - Graceland - 55 Graceland Blvd,40.0653,-83.0207
Target - Grafton - 1250 N Port Washington Rd,43.3193,-87.9227
Target - Granada Hills - 11133 Balboa Blvd,34.27275,-118.5031
Target - Grand Forks - 3601 32nd Ave S,47.8873,-97.0795
Target - Grand Junction - 2424 Highway 6 and 50,39.0921,-108.603
Target - Grand Prairie - 554 W Interstate 20,32.6776,-97.0099
Target - Grand Prairie S - 5270 S State Highway 360,32.6448,-97.0598
Target - Grand Rapids - PO Box 5124,47.2095,-93.5274
Target - Grand Rapids East - 5120 28th St SE,42.909,-85.541
Target - Grand Rapids North - 3248 Alpine Ave NW,43.022,-85.6881
Target - Grand Rapids SW - 334 Chicago Dr,42.9025,-85.7891
Target - Grand Rapids South - 1925 Market Place Dr,42.8464,-85.6192
Target - Grapevine - 1101 Ira E Woods Ave,32.9286,-97.0896
Target - Great Falls - 2000 10th Ave S,47.4935,-111.272
Target - Greece - 600 Greece Ridge Center Dr,43.2031,-77.6926
Target - Greeley - 4400 Centerplace Dr,40.3937,-104.75
Target - Green - 762 Arlington Rdg,40.9838,-81.4958
Target - Green Bay West - 1001 Cormier Rd,44.4905,-88.0712
Target - Greenacres - 5900 Lake Worth Rd,26.6183,-80.1373
Target - Greenbelt - 6100 Greenbelt Rd,38.9982,-76.9066
Target - Greenfield - 4777 S 27th St,42.957,-87.9512
Target - Greensboro NW - 2701 Lawndale Dr,36.1046,-79.8209
Target - Greensboro South - 1212 Bridford Pkwy,36.0569,-79.9069
Target - Greensboro West - 1628 Highwoods Blvd,36.1132,-79.8766
Target - Greensburg - 6200 Rte 30,40.3037,-79.5959
Target - Greenville - 1112 Woodruff Rd,34.8306,-82.3084
Target - Greenville - 3040 S Evans St,35.5772,-77.383
Target - Greenwich Township - 1204 New Brunswick Ave,40.6738,-75.1351
Target - Greenwood South - 895 S State Rd 135,39.6032,-86.1579
Target - Greer - 6025 Wade Hampton Blvd,34.9372,-82.2799
Target - Grossmont - 5500 Grossmont Ctr Dr,32.7794,-117.012
Target - Grove City - 4144 Buckeye Pkwy,39.8766,-83.0372
Target - Gulf Shores - 3820 Gulf Shores Pkwy,30.3031,-87.6807
Target - Gurnee - 6601 Grand Ave,42.3833,-87.9658
Target - Gwinnett - 3935 Venture Dr,33.951,-84.1439
Target - Hackensack - 630 Main St,40.8983,-74.0389
Target - Hadley - 367 Russell St,42.3573,-72.5476
Target - Hagerstown - 17213 Cole Rd,39.6203,-77.773
Target - Hampton - 1911 Saville Row,37.0396,-76.3834
Target - Hampton Village - 4255 Hampton Ave,38.5925,-90.2954
Target - Hanford - 140 N 12th Ave,36.3237,-119.675
Target - Harker Heights - 201 E Central Texas Expy,31.0741,-97.66339
Target - Harlingen - 1002 Dixieland Rd,26.1828,-97.7214
Target - Harmar - 2661 Freeport Rd,40.53822,-79.83728
Target - Harrisburg East - 4600 High Pointe Blvd,40.247,-76.8045
Target - Harrisburg North - 5125 Jonestown Rd Ste 331,40.3086,-76.7967
Target - Harrisonburg - 1995 E Market St,38.4289,-78.8443
Target - Hartland Township - 10025 E Highland Rd,42.6348,-83.7572
Target - Harvey - 1731 Manhattan Blvd,29.8897,-90.0538
Target - Hastings - 875 General Sieben Dr,44.7373,-92.8888
Target - Hattiesburg - 6143 U S Highway 98 Ste 80,31.3226,-89.3797
Target - Haverhill - 35 Computer Dr,42.78762,-71.11483
Target - Hayward - 2499 Whipple Rd,37.6077,-122.063
Target - Hayward North - 19661 Hesperian Blvd,37.6666,-122.121
Target - Heath - 270 Airport Pkwy,40.0291,-82.4527
Target - Helena - 3303 N Montana Ave,46.6214,-112.02
Target - Hemet - 3527 W Florida Ave,33.746,-117.009
Target - Henderson - 605 N Stephanie St,36.065,-115.048
Target - Henderson South - 350 W Lake Mead Pkwy,36.03828,-114.99593
Target - Hendersonville - 1004 Andrews Run,36.3343,-86.6256
Target - Henrietta - 2325 Marketplace Dr,43.0785,-77.6317
Target - Hialeah - 1750 W 37th St,25.85314,-80.31782
Target - Hickory - 1910 Catawba Valley Blvd SE,35.7019,-81.3073
Target - Hickory Hollow - 5330 Cane Ridge Rd,36.0428,-86.6585
Target - Hicksville - 2003 Broadway Mall,40.773,-73.5314
Target - High Point - 1050 Mall Loop,35.9935,-80.0087
Target - Highland - 10451 Indianapolis Blvd,41.524,-87.4685
Target - Highland Park - 2099 Skokie Valley Rd,42.1914,-87.8253
Target - Hilliard - 4211 Trueman Blvd,40.0363,-83.1213
Target - Hillsboro - 2295 SE Tualatin Valley Hwy,45.5073,-122.957
Target - Hilton Head - 1050 Fording Island Rd,32.2552,-80.8499
Target - Hiram - 5220 Jimmy Lee Smith Pkwy,33.886,-84.7445
Target - Hodgkins - 9250 Joliet Rd,41.7808,-87.8601
Target - Hoffman Estates - 2800 N Sutton Road,42.0736,-88.1918
Target - Holland - 3456 W Shore Dr,42.832,-86.0908
Target - Hollister - 1790 Airline Hwy,36.8354,-121.389
Target - Hollywood - 300 Hollywood Mall,26.0126,-80.1747
Target - Holyoke - 50 Holyoke St,42.1677,-72.6423
Target - Homewood - 17605 S Halsted St,41.569,-87.6346
Target - Hooksett - 100 Quality Dr,43.0457,-71.461
Target - Horn Lake - 7255 Interstate Dr,34.966,-90.0055
Target - Houma - 1727 Martin Luther King Jr Blvd,29.613,-90.7571
Target - Houston Central - 2580 Shearn St,29.776,-95.3833
Target - Houston Memorial - 984 Gessner Rd,29.7826,-95.5427
Target - Houston Meyerland - 300 Meyerland Plaza Mall,29.6882,-95.4605
Target - Houston NW - 13250 Northwest Fwy,29.849,-95.5025
Target - Houston North Central - 19511 I H 45,30.0507,-95.4343
Target - Houston South Central - 8500 S Main St,29.6918,-95.4185
Target - Houston Tomball North - 14302 FM 2920 Rd,30.0915,-95.6393
Target - Howell Township - 4955 US Highway 9,40.1305,-74.2204
Target - Huber Heights - 5700 Executive Blvd,39.8711,-84.134
Target - Hudson - 2401 Coulee Rd,44.9654,-92.7233
Target - Humble - 20777 Hwy 59 N,30.0187,-95.2681
Target - Hunters Creek - 2155 Town Center Blvd,28.3699,-81.4068
Target - Huntersville - 9801 Sam Furr Rd,35.4433,-80.8622
Target - Huntington Beach East - 9882 Adams Ave,33.6708,-117.955
Target - Huntsville South - 2750 Carl T Jones Dr SE Ste 7,34.6729,-86.5414
Target - Huntsville West - 6275 University Dr NW,34.7418,-86.6818
Target - Hurst - 1400 Precinct Line Rd,32.8366,-97.1841
Target - Hutchinson - 1370 Highway 15,44.8689,-94.3775
Target - Hutchinson - 1529 E 17th Ave,38.0712,-97.8995
Target - Idaho Falls - 2171 S 25th E,43.4776,-111.983
Target - Independence - 17810 E 39th St S,39.0506,-94.3701
Target - Indianapolis South - 3700 S East St,39.7133,-86.1502
Target - Indy Glendale - 6101 N Keystone Ave,39.8667,-86.1198
Target - Inglewood - 3471 W Century Blvd,33.9478,-118.333
Target - Iowa City - 1441 Coral Ridge Ave,41.6922,-91.606
Target - Irondequoit - 500 Medley Centre Pkwy,43.1981,-77.5745
Target - Irvine - 3750 Barranca Pkwy,33.6836,-117.81
Target - Irvine North - 13200 Jamboree Rd,33.7278,-117.785
Target - Irvine Spectrum - 115 Fortune Dr,33.6511,-117.745
Target - Irving - 3333 W Airport Fwy,32.8391,-96.9908
Target - Irving North - 7845 N Macarthur Blvd,32.913,-96.9611
Target - Issaquah - 755 NW Gilman Blvd,47.5418,-122.05
Target - Jackson - 1076 Jackson Xing,42.2672,-84.4252
Target - Jackson - 93 Stonebrook Pl,35.687,-88.8573
Target - Jacksonville - 1395D Western Blvd,34.7861,-77.4041
Target - Jacksonville Beach - 490 Marsh Landing Pkwy,30.2538,-81.391
Target - Jacksonville East - 13740 Beach Blvd,30.2868,-81.4573
Target - Jacksonville Mandarin - 10490 San Jose Blvd,30.1878,-81.6292
Target - Jacksonville St. Johns - 4567 River City Dr,30.2608,-81.5247
Target - Jacksonville West - 9525 Crosshill Blvd,30.1984,-81.8272
Target - Janesville - 2017 Humes Rd,42.7223,-88.9972
Target - Jefferson City - 735 W Stadium Blvd,38.5795,-92.2136
Target - Jeffersontown - 4640 Taylorsville Rd,38.2156,-85.5937
Target - Jennings - 8007 W Florissant Ave,38.727,-90.2749
Target - Jersey City - 100 14th St,40.7326,-74.0357
Target - John&apos;s Creek - 2625 Peachtree Pkwy,34.096,-84.1745
Target - Johnson City - 2116 N Roan St,36.343,-82.3737
Target - Joliet - 2701 Plainfield Rd,41.5766,-88.1541
Target - Jonesboro - 3000 E Highland Dr Ste A,35.8228,-90.6668
Target - Joplin - 3151 E 7th St,37.0849,-94.474
Target - KC Speedway - 10900 Stadium Pkwy,39.127,-94.8334
Target - Kalamazoo - 6839 S Westnedge Ave,42.2208,-85.5888
Target - Kalamazoo West - 5350 W Main St,42.2977,-85.6554
Target - Kalispell - 2365 US Highway 93 N,48.2356,-114.327
Target - Kannapolis - 6150 Bayfield Pkwy,35.4185,-80.6769
Target - Kansas City Chouteau - 4375 N Chouteau Trfy,39.1739,-94.5333
Target - Kansas City NW - 9040 N Skyview Ave,39.25769,-94.65464
Target - Kansas City North - 8420 N Madison Ave,39.2489,-94.5949
Target - Katy - 19955 Katy Fwy,29.7823,-95.7162
Target - Katy West - 23710 Westheimer Pkwy,29.7357,-95.7763
Target - Kearney - 4800 3rd Ave,40.7222,-99.0854
Target - Kearny Mesa - 8001 Othello Ave,32.8162,-117.151
Target - Keene - 46 Ash Brook Rd,42.9263,-72.3013
Target - Keizer - 6450 Keizer Station Blvd NE,45.0074,-122.999
Target - Kendall - 15005 SW 88th St,25.6854,-80.4372
Target - Kennewick - 1106 N Columbia Center Blvd,46.2216,-119.222
Target - Kenosha - 7450 Green Bay Rd,42.5684,-87.8905
Target - Kent - 26301 104th Ave SE,47.3665,-122.203
Target - Kernersville - 1090 S Main St,36.1101,-80.0995
Target - Kingsport - 2626 E Stone Dr Suite 90,36.55001,-82.4963
Target - Kingston - 101 Independence Mall Way,41.971,-70.7173
Target - Kingston - 1300 Ulster Ave,41.9685,-73.9859
Target - Kirkwood - 1042 S Kirkwood Rd,38.565,-90.405
Target - Kissimmee - 3003 W Vine St,28.3064,-81.4412
Target - Kissimmee West - 4795 W Irlo Bronson Memorial Hwy,28.3318,-81.4717
Target - Knightdale - 1000 Shoppes at Midway Dr,35.7989,-78.5096
Target - Knollwood - 8900 Highway 7,44.9359,-93.3939
Target - Knoxville NW - 6670 Clinton Hwy,36.0081,-84.0231
Target - Knoxville North - 4700 New Harvest Ln,36.0369,-83.8873
Target - Knoxville West - 8040 Ray Mears Blvd,35.9255,-84.043
Target - Kohler - 4085 State Highway 28,43.7161,-87.7664
Target - Kokomo - 1037 S Reed Rd,40.4753,-86.1089
Target - La Cantera - 17502 Lacantera Pkwy,29.6045,-98.5982
Target - La Habra - 1000 W Imperial Hwy,33.91606,-117.95754
Target - La Quinta - 78935 US Hwy 111,33.7104,-116.2914
Target - LaCrosse - 9400 State Road 16,43.8739,-91.1934
Target - LaPlata - 60 Shining Willow Way,38.5418,-76.9823
Target - Lacey - 665 Sleater Kinney Rd SE,47.0434,-122.836
Target - Lady Lake - 716 N US Highway 441/27,28.9345,-81.9398
Target - Lafayette - 3630 State Road 26 E,40.4193,-86.8473
Target - Lafayette - 4313 Ambassador Caffery Pkwy,30.1596,-92.0494
Target - Lafayette N - 3225 Louisiana Ave,30.26494,-91.99584
Target - Lake Charles - 1720 W Prien Lake Rd,30.1996,-93.2467
Target - Lake County - 2661 E US Highway 30,41.4697,-87.3041
Target - Lake Elsinore - 18287 Collier Ave,33.6897,-117.342
Target - Lake Geneva - 660 N Edwards Blvd,42.59794,-88.41647
Target - Lake Jackson - 202 Highway 332 W,29.0499,-95.465
Target - Lake Mary - 4155 W Lake Mary Blvd,28.7538,-81.3484
Target - Lake Park/Palm Beach Gardens - 500 N Congress Ave,26.8061,-80.0827
Target - Lake Stevens - 9601 Market Pl,47.9983,-122.101
Target - Lake Street - 2500 E Lake St,44.9495,-93.2367
Target - Lake Worth - 6604 Lake Worth Blvd,32.8114,-97.4292
Target - Lake Zurich - 555 S Rand Rd,42.187,-88.1028
Target - Lakeland North - 4005 Highway 98 N,28.0923,-81.9712
Target - Lakeland South - 3570 Harden Blvd,27.9997,-81.973
Target - Lakeside - 13221 Hall Rd,42.6285,-82.9965
Target - Lakeville - 18275 Kenrick Ave,44.6833,-93.2912
Target - Lakewood - 5618 Lakewood Town Center Blvd SW,47.1639,-122.511
Target - Lakewood Center Mall - 141 Lakewood Center Mall,33.8522,-118.141
Target - Lancaster - 1300 River Valley Blvd,39.7302,-82.621
Target - Lancaster - 43525 10th St W,34.6737,-118.149
Target - Lancaster East - 2385 Covered Bridge Dr,40.0259,-76.2028
Target - Lanesborough - 655 Cheshire Rd,42.4923,-73.206
Target - Lanham - 10401 Martin Luther King Jr Hwy,38.9542,-76.8247
Target - Lansing - 40 Catherwood Rd,42.4835,-76.4912
Target - Lansing South - 500 E Edgewood Blvd,42.6634,-84.5439
Target - Laredo - 7501 San Dario Ave,27.5693,-99.5004
Target - Laredo East - 1910 Bob Bullock Loop,27.5156,-99.4504
Target - Largo - 10500 Campus Way S,38.8966,-76.8265
Target - Largo - 10500 Ulmerton Rd,27.8931,-82.7846
Target - Las Cruces - 2541 E Lohman Ave Ste A,32.3175,-106.744
Target - Las Vegas Blue Diamond - 4100 Blue Diamond Rd,36.0409,-115.196
Target - Las Vegas Boca Park - 8750 W Charleston Blvd,36.161,-115.288
Target - Las Vegas East - 1200 S Nellis Blvd,36.1574,-115.06
Target - Las Vegas Far NW - 6480 Sky Pointe Dr,36.28,-115.263
Target - Las Vegas Far SW - 4155 S Grand Canyon Dr,36.1141,-115.311
Target - Las Vegas Flamingo - 4001 S Maryland Pkwy,36.117,-115.139
Target - Las Vegas Meadows - 278 S Decatur Blvd,36.1711,-115.21
Target - Las Vegas NW - 3210 N Tenaya Way,36.2191,-115.25
Target - Las Vegas North - 2189 W Craig Rd,36.2383,-115.172
Target - Las Vegas Silverado Ranch - 9725 S Eastern Ave,36.0122,-115.122
Target - Latham - 675 Troy Schenectady Rd,42.7577,-73.7697
Target - Lathrop - 16858 Golden Valley Pkwy,37.80867,-121.29892
Target - Lauderhill - 7730 W Commercial Blvd,26.1919,-80.2538
Target - Laurel - 3343 Corridor Marketplace,39.0969,-76.81
Target - Laverne - 2462 Foothill Blvd,34.1101,-117.76
Target - Lawrence - 3201 S Iowa St,38.9236,-95.2625
Target - Lawrenceville - 875 Lawrenceville Suwanee Rd #4000,33.9704,-84.015
Target - Layton - 815 W 2000 N,41.0876,-111.981
Target - League City - 1801 Gulf FWY,29.4649,-95.0842
Target - Lee County - 10000 Gulf Center Dr,26.49,-81.788
Target - Lees Summit - 1850 NW Chipman Rd,38.9314,-94.4091
Target - Leesburg - 10401 US Highway 441,28.8266,-81.7844
Target - Leesburg - 1200 Edwards Ferry Rd,39.1155,-77.5332
Target - Lemon Grove - 3424 College Ave,32.7414,-117.054
Target - Lemont - 13460 S Archer Ave,41.6437,-88.0043
Target - Leominster - 86 Orchard Hill Park Dr,42.5271,-71.7143
Target - Levittown - 3850 Hempstead Tpke,40.7247,-73.4947
Target - Lexington - 131 West Reynolds Rd,37.9923,-84.5245
Target - Lexington - 5119 Sunset Blvd,34.0065,-81.1924
Target - Lexington Park - 45155 First Colony Way,38.2977,-76.5133
Target - Lexington SE - 1940 Pavillon Way,38.0223,-84.4148
Target - Liberty - 9220 NE Barry Rd,39.2473,-94.4611
Target - Lincoln - 333 N 48th St,40.8163,-96.655
Target - Lincoln - 620 George Washington Hwy,41.9376,-71.4764
Target - Lincoln - 950 Groveland LN,38.8732,-121.301
Target - Lincoln SW - 8201 S 40th Street,40.7277,-96.6656
Target - Lincoln South - 5330 S 56th St,40.7592,-96.6411
Target - Linden - 621 W Edgar Rd,40.6196,-74.2431
Target - Lino Lakes - 749 Apollo Dr,45.1841,-93.105
Target - Lithonia - 8109 Mall Pkwy,33.6916,-84.0925
Target - Little Rock North - 4000 McCain Blvd,34.7886,-92.2284
Target - Little Rock West - 12700 Chenal Pkwy,34.7556,-92.414
Target - Livermore - 4300 Las Positas Rd,37.7014,-121.747
Target - Livonia - 29451 Plymouth Rd,42.3669,-83.3357
Target - Lodi - 2355 W Kettleman Ln,38.117,-121.304
Target - Lombard - 60 Yorktown Shopping Ctr,41.8443,-88.0033
Target - Lone Tree - 10001 Commons St,39.5341,-104.882
Target - Long Beach Bellflower - 2270 N Bellflower Blvd,33.7987,-118.123
Target - Long Beach South - 3705 E South St,33.861,-118.147
Target - Longmont - 551 S Hover Rd,40.1534,-105.133
Target - Longview - 205 Three Rivers Dr,46.1427,-122.9
Target - Longview - 3092 N Eastman Rd Ste 100,32.5491,-94.72644
Target - Los Angeles - 3535 S La Cienega Blvd,34.0226,-118.373
Target - Los Angeles Eagle Rock - 2626 Colorado Blvd,34.1414,-118.225
Target - Los Angeles Topanga - 6700 Topanga Canyon Blvd,34.1929,-118.604
Target - Los Banos - 1405 W Pacheco Blvd,37.05354,-120.87569
Target - Louisville Jefferson Pavilion - 7311 Jefferson Blvd,38.141,-85.6722
Target - Love Field - 9440 Marsh Ln,32.8626,-96.8542
Target - Loveland - 1725 Rocky Mtn Ave,40.4095,-105.004
Target - Lubbock - 7302 University Ave,33.528,-101.872
Target - Lubbock West - 6064 Marsha Sharp Freeway,33.5469,-101.955
Target - Lufkin - 4200 S Medford Dr,31.3134,-94.7206
Target - Lynchburg - 4028 Wards Rd,37.3459,-79.1901
Target - Lynnwood - 18305 Alderwood Mall Pkwy,47.8328,-122.267
Target - Macedonia - 8282 Golden Link Blvd,41.3122,-81.5249
Target - Machesney Park - 9833 N Alpine Rd,42.367,-89.0276
Target - Macon - 4685 Presidential Pkwy,32.8176,-83.7145
Target - Madison East - 4301 Lien Rd,43.1196,-89.308
Target - Madison Heights - 32001 John R Rd,42.5282,-83.1082
Target - Madison West - 201 Junction Rd,43.0614,-89.5252
Target - Manalapan - 55 US Hwy 9,40.2905,-74.3009
Target - Manassas - 8340 Sudley Rd,38.7743,-77.5065
Target - Manassas West - 9900 Sowder Village Sq,38.73984,-77.53476
Target - Manhattan - 800 Commons Pl,39.1719,-96.6054
Target - Manhattan Beach - 1200 N Sepulveda Blvd,33.8889,-118.395
Target - Mankato - 1850 Adams St,44.1739,-93.9514
Target - Mansfield - 1801 Highway 287 N,32.5912,-97.1443
Target - Mansfield - 2205 Walker Lake Rd,40.7867,-82.5947
Target - Manteca - 280 Spreckels Ave,37.7952,-121.197
Target - Maple Grove North - 15300 Grove Circle N,45.13668,-93.4761
Target - Marietta East - 1401 Johnson Ferry Rd,33.98451,-84.42926
Target - Marina - 133 General Stilwell Dr,36.66786,-121.81066
Target - Marion - 3000 W Deyoung St,37.7469,-88.9759
Target - Marlborough - 423 Donald Lynch Blvd,42.3595,-71.6066
Target - Marlton - 751 Route 73 S,39.8672,-74.9229
Target - Marquette - 3250 US Hwy 41 W,46.5517,-87.4596
Target - Marshfield - 1708 N Central Ave,44.6846,-90.1655
Target - Mary Esther - 250 E Miracle Strip Pkwy,30.4105,-86.6589
Target - Marysville - 16818 Twin Lakes Ave,48.1514,-122.191
Target - Maryville - 800 Watkins Rd,35.7523,-83.9918
Target - Mason City - 3450 4th St SW,43.1504,-93.2492
Target - Massillon - 1980 Lincoln Way E,40.8005,-81.4967
Target - Matteson - 4647 Promenade Way,41.4998,-87.73
Target - Mayfield Heights - 1285 Som Center Rd,41.5242,-81.435
Target - Mays Landing - 380 Consumer Sq,39.452,-74.634
Target - McAllen - 708 E Expressway 83,26.1865,-98.2131
Target - McAllen North - 7400 N 10th St,26.2689,-98.2168
Target - McAllen Northwest - 3600 Nolana Ave,26.2437,-98.2529
Target - McCandless - 9805 McKnight Rd,40.5854,-80.0405
Target - McDonough - 1850 Jonesboro Rd,33.4668,-84.217
Target - McHenry - 1860 N Richmond Rd,42.353,-88.2658
Target - McKinney - 2025 N Central Expy,33.2186,-96.6385
Target - McKinney SW - 8900 State Highway 121,33.1286,-96.7298
Target - Mechanicsburg - 6416 Carlisle Pike,40.25,-77.0091
Target - Mechanicsville - 7235 Bell Creek Rd,37.6003,-77.3509
Target - Medallion - 212 Medallion Shp Ctr,32.8566,-96.7521
Target - Medford - 2000 Crater Lake Hwy,42.3474,-122.878
Target - Medford - 2975 Horseblock Rd,40.8246,-72.9886
Target - Medina - 1015 N Court St,41.1547,-81.8647
Target - Medina - 300 Clydesdale Trl,45.0443,-93.5276
Target - Melbourne - 2750 W New Haven Ave,28.0809,-80.6657
Target - Melrose Park - 850 W North Ave,41.9057,-87.8438
Target - Memphis Central - 601 Colonial Rd,35.1135,-89.9034
Target - Memphis NE - 7989 US Highway 64,35.2037,-89.7962
Target - Memphis SE - 7697 Winchester Rd,35.0476,-89.8064
Target - Menifee - 30251 Antelope Rd,33.6822,-117.1696
Target - Menlo Park - 100 Parsonage Rd,40.5515,-74.333
Target - Menomonee Falls - N95 W 17707 Shady Ln,43.1896,-88.1291
Target - Mentor - 9669 Mentor Ave,41.6862,-81.2936
Target - Merced - 3280 R St,37.3225,-120.485
Target - Meriden - 474 Chamberlain Hwy,41.5526,-72.8153
Target - Merritt Island - 250 Crockett Blvd,28.3861,-80.7052
Target - Mesa Central - 1135 S Gilbert Rd,33.3942,-111.786
Target - Mesa East - 1525 S Power Rd,33.3879,-111.684
Target - Mesa Red Mountain - 2151 N Power Rd,33.4537,-111.682
Target - Mesa West - 1230 S Longmore Ave,33.3919,-111.865
Target - Mesquite - 1629 N Town East Blvd,32.8128,-96.6211
Target - Metairie - 4500 Veterans Memorial Blvd,30.003,-90.1828
Target - Methuen - 67 Pleasant Valley St,42.7401,-71.1602
Target - Miami Central - 3401 N Miami Ave Ste 100,25.8089,-80.1937
Target - Miami Lakes - 5601 NW 183rd St,25.94051,-80.29267
Target - Middle River - 1330 Martin Blvd,39.3344,-76.4475
Target - Middletown - 1 N Galleria Dr,41.452,-74.3696
Target - Middletown - 2105 Route 35,40.4115,-74.136
Target - Middletown - 6775 Roosevelt Pkwy,39.4908,-84.3338
Target - Midland - 4001 N Midland Dr,32.0273,-102.146
Target - Midland - 6820 Eastman Ave,43.6583,-84.2412
Target - Midwest City - 7305 SE 29th St,35.4381,-97.3953
Target - Milford - 100 Rivers Edge,39.1622,-84.2752
Target - Milford - 1191 Boston Post Rd,41.2353,-73.0349
Target - Milford - 250 Fortune Blvd,42.16,-71.4978
Target - Millbury - 70 Worcester Providence Tpke #100,42.2002,-71.7779
Target - Milltown - 400 Ryders Ln,40.4422,-74.426
Target - Millville - 2100 N 2nd St,39.4219,-75.0423
Target - Milton - 13055 Highway 9 N,34.09905,-84.26938
Target - Milwaukee Chase - 2950 S Chase Ave,42.992,-87.9083
Target - Minneapolis NE - 1650 New Brighton Blvd,45.005,-93.2289
Target - Minnetonka - 4848 County Road 101,44.9171,-93.5044
Target - Minot - 2400 10th St SW,48.2073,-101.312
Target - Mira Loma - 12471 Limonite Ave,33.9777,-117.554
Target - Mira Mesa - 8251 Mira Mesa Blvd,32.9109,-117.146
Target - Miramar - 16901 Miramar Pkwy,25.98,-80.372
Target - Mishawaka - 155 University Dr E,41.7182,-86.1758
Target - Mission - 2427 E Expressway 83,26.1979,-98.284
Target - Mission - 6100 Broadmoor St,39.0179,-94.6657
Target - Mission Viejo - 24500 Alicia Pkwy,33.6062,-117.689
Target - Mission Viejo N - 25601 Jeronimo Rd,33.62311,-117.68348
Target - Missoula - 2420 N Reserve St,46.8898,-114.038
Target - Missouri City - 6000 Highway 6,29.5642,-95.5647
Target - Mobile West - 790 Schillinger Rd S,30.6741,-88.228
Target - Modesto - 3405 Mchenry Ave,37.6871,-120.996
Target - Modesto NW - 3900 Sisk Rd,37.6945,-121.065
Target - Monroe - 128 Bailey Farm Rd,41.3181,-74.1542
Target - Monroe - 2121 N Monroe St,41.9474,-83.3888
Target - Monroe - 2901 W Highway 74,35.0213,-80.5813
Target - Monroe - 4103 Pecanland Mall Dr,32.4998,-92.0703
Target - Monroeville - 4004 Monroeville Blvd,40.434,-79.7719
Target - Montclair - 9052 Central Ave,34.0894,-117.692
Target - Montgomery - 2576 Berryhill Rd,32.3609,-86.1621
Target - Montgomeryville - 125 Witchwood Dr,40.2247,-75.2394
Target - Monticello - 1447 East 7th St,45.293,-93.7723
Target - Montrose - 3530 Wolverine Dr,38.44343,-107.86858
Target - Mooresville - 594 River Hwy,35.5977,-80.8715
Target - Moorhead - 3301 Highway 10 E,46.8757,-96.7284
Target - Moorpark - 800 New Los Angeles Ave,34.2792,-118.866
Target - Moreno Valley East - 27100 Eucalyptus Ave,33.9373,-117.189
Target - Morgan Hill - 1061 Cochrane Rd,37.1549,-121.652
Target - Morgantown - 5001 University Towne Center Dr,39.655,-80.0063
Target - Morrow - 1940 Mount Zion Rd,33.5669,-84.3262
Target - Mount Laurel - 4 Centerton Rd,39.9683,-74.9155
Target - Mount Nebo - 288 Mt Nebo Pointe Dr,40.5342,-80.0688
Target - Mountain View - 555 Showers Dr,37.4007,-122.106
Target - Mpls Nicollet Mall - 900 Nicollet Mall,44.9748,-93.2749
Target - Mt Pleasant - 1300 Long Grove Dr,32.8238,-79.8177
Target - Mt Pleasant - 4097 E Blue Grass Rd,43.577,-84.7647
Target - Mt. Dora - 17450 US Highway 441,28.8198,-81.671
Target - Mt. Juliet - 401 S Mount Juliet Rd Ste 600,36.168,-86.5089
Target - Mt. Kisco - 195 N Bedford Rd Ste A,41.2174,-73.7217
Target - Mt. Vernon - 500 East Sandford Blvd,40.9005,-73.8192
Target - Muncie - 3601 N Barr St,40.2217,-85.3808
Target - Mundelein - 3100 W Hwy 60,42.2841,-88.0452
Target - Munster - 8005 Calumet Ave,41.567,-87.5076
Target - Murfreesboro - 1851 Old Fort Pkwy,35.844,-86.4259
Target - Murrieta - 41040 California Oaks Rd,33.5656,-117.204
Target - Myrtle Beach - 1150 Seaboard St,33.7133,-78.894
Target - NE Charlotte - 8120 University City Blvd,35.2933,-80.7457
Target - NE Polk County - 5000 Grandview Pkwy,28.23233,-81.64309
Target - NW San Antonio - 12621 W IH 10,29.5625,-98.5891
Target - Nampa - 16300 N Market Place Blvd,43.6088,-116.59
Target - Napa - 205 Soscol Ave,38.2824,-122.277
Target - Napa North - 4000 Bel Aire Plaza,38.3221,-122.3075
Target - Naperville - 1951 W Jefferson Ave,41.7715,-88.2041
Target - Naples - 2324 Pine Ridge Rd,26.2091,-81.7704
Target - Naples North - 2415 Tarpon Bay Blvd,26.2708,-81.7396
Target - Nashua - 310 Daniel Webster Hwy,42.7027,-71.4381
Target - Nashua NW - 600 Amherst St,42.7986,-71.536
Target - Nashville East - 3171 Lebanon Pike,36.1829,-86.638
Target - Nashville West - 6814 Charlotte Pike,36.135,-86.89
Target - Natl Cty Pl Bonita - 3060 Plaza Bonita Rd,32.6561,-117.06566
Target - Neshaminy - 800 Rock Hill Dr,40.1359,-74.9618
Target - New Albany - 2209 State St,38.3053,-85.8416
Target - New Berlin - 4798 S Moorland Rd,42.9578,-88.1071
Target - New Bern - 3410 Dr Martin Luther King Jr Blvd,35.1014,-77.0962
Target - New Braunfels - 135 Creekside Way,29.7302,-98.0729
Target - New Britain - 475 Hartford Rd,41.711,-72.764
Target - New Hartford - 1 Sangertown Sq Ste 3,43.0822,-75.3176
Target - New Lenox - 2370 E Lincoln Hwy,41.5074,-87.9211
Target - New Port Richey - 6411 Tacoma Drive,28.298,-82.7086
Target - New Tampa - 1201 County Road 581,28.1729,-82.3556
Target - New Ulm - 1914 S Broadway St,44.2933,-94.4439
Target - Newburgh - 50 Route 17 K,41.5048,-74.0592
Target - Newington - 3265 Berlin Turnpike,41.6605,-72.7255
Target - Newnan - 555 Bullsboro Dr,33.3932,-84.7589
Target - Newpark Mall - 400 Newpark Mall,37.526,-122.002
Target - Newport News - 12130 Jefferson Ave,37.1075,-76.492
Target - Niagara Falls - 7414 Niagara Falls Blvd,43.0895,-78.9794
Target - Niles - 5555 Youngstown Warren Rd,41.2167,-80.7526
Target - Niles - 6150 W Touhy Ave,42.0128,-87.7802
Target - Niskayuna - 428 Balltown Rd,42.7748,-73.8908
Target - Nora Plaza - 1300 E 86th St Ste 35,39.9148,-86.1394
Target - Norco - 1290 Hamner Ave,33.9007,-117.564
Target - Norcross - 3200 Holcomb Bridge Rd,33.9513,-84.2324
Target - Norfolk - 1245 N Military Hwy,36.8653,-76.2123
Target - Norfolk - 1510 Market Ln,42.02,-97.4305
Target - Norman - 1400 24th Ave NW,35.2354,-97.4831
Target - Norridge - 4050 N Harlem Ave,41.9553,-87.8084
Target - North Attleborough - 1205 S Washington St,41.9405,-71.3527
Target - North Aurora - 1800 Orchard Gateway Blvd,41.799,-88.3651
Target - North Bergen Commons - 7101 Tonnelle Ave,40.802,-74.0217
Target - North Buffalo - 2626 Delaware Ave,42.9557,-78.8735
Target - North Central San Antonio - 8421 US Highway 281 N,29.5148,-98.4792
Target - North Charleston - 7250 Rivers Ave,32.9344,-80.0362
Target - North Dale Mabry - 15240 N Dale Mabry Hwy,28.0885,-82.5049
Target - North Dallas - 13131 Montfort Dr,32.9274,-96.814
Target - North Dallas Coit Road - 16731 Coit Rd,32.9826,-96.7692
Target - North Dartmouth - 479 State Rd,41.638,-71.0033
Target - North Druid Hills - 2400 N Druid Hills Rd NE,33.8281,-84.325
Target - North Fayette - 600 Chauvet Dr,40.4457,-80.1831
Target - North Haven - 200 Universal Dr N,41.3511,-72.8712
Target - North Hollywood - 11051 Victory Blvd,34.1879,-118.372
Target - North Huntingdon - 8931 Route 30,40.321,-79.6869
Target - North Jackson - 6365 I 55 N,32.3987,-90.1476
Target - North Miami - 14075 Biscayne Blvd,25.907,-80.1565
Target - North Olmsted - 24646 Brookpark Rd,41.4202,-81.896
Target - North Richland Hills - 8532 Davis Blvd,32.9098,-97.1877
Target - North Sarasota - 5350 Fruitville Rd,27.3369,-82.4633
Target - North Scottsdale - 15444 N Frank Lloyd Wright Blvd,33.6274,-111.889
Target - North Spokane - 9770 N Newport Hwy,47.7477,-117.4
Target - North St Paul - 2199  Hwy 36 E,45.0136,-93.0089
Target - North Tacoma - 3320 S 23rd St,47.2374,-122.48
Target - Northfield - 2323 Highway 3 S,44.434,-93.1861
Target - Northgate - 302 NE Northgate Way,47.7098,-122.324
Target - Northlake - 4241 Lavista Rd,33.8452,-84.2458
Target - Northland - 21400 Northwestern Hwy,42.4511,-83.2045
Target - Northridge - 8501 W Brown Deer Rd,43.1768,-88.0159
Target - Northridge - 8840 Corbin Ave,34.2309,-118.561
Target - Northridge - 8999 Balboa Blvd,34.2347,-118.503
Target - Northtown - 8600 Springbrook Dr NW,45.1273,-93.2684
Target - Norton Shores - 5057 Harvey St,43.1596,-86.2088
Target - Norwalk - 10600 Firestone Blvd,33.9255,-118.107
Target - Norwalk East - 12051 Imperial Hwy,33.9184,-118.076
Target - Novato - 200 Vintage Way,38.09,-122.553
Target - Novi - 27100 Wixom Rd,42.4873,-83.5329
Target - O&apos;Fallon - 2300 Highway K,38.7775,-90.6968
Target - Oak Creek - 8989 S Howell Ave,42.8823,-87.9154
Target - Oak Lawn - 4120 West 95th St,41.7211,-87.725
Target - Oakdale - 7900 32nd St N,44.9958,-92.9473
Target - Ocala - 2000 SW College Rd,29.1738,-82.1572
Target - Ocean Township - 2331 State Rte 66,40.2307,-74.0448
Target - Oceanside - 2255 S El Camino Real,33.1841,-117.33
Target - Ocotillo - 2880 S Alma School Rd,33.2642,-111.86
Target - Odessa - 3909 E 42nd St,31.8918,-102.349
Target - Oklahoma City NW - 8315 N Rockwell Ave,35.5561,-97.6401
Target - Oklahoma City North - 5400 N May Ave,35.5244,-97.5644
Target - Oklahoma City South - 800 SW 44th St,35.4193,-97.5291
Target - Olathe - 15345 W 119th St,38.9107,-94.7644
Target - Olathe South - 20255 W 154th St,38.8491,-94.8199
Target - Olive Branch West - 5150 Goodman Rd,34.96489,-89.89773
Target - Olympia - 2925 Harrison Ave NW,47.0446,-122.937
Target - Omaha - 7200 Dodge St,41.2609,-96.0247
Target - Omaha Far NW - 16959 Evans Plaza,41.289,-96.1803
Target - Omaha Far SW - 12500 K Plaza,41.21443,-96.10945
Target - Omaha NW - 4001 N 132nd St,41.2947,-96.1166
Target - Omaha North - 6636 N 73rd Plz,41.3166,-96.0256
Target - Omaha West - 17810 W Center Rd,41.2357,-96.1934
Target - Ontario - 4200 E 4th St,34.0754,-117.564
Target - Opelika - 2640 Enterprise Dr,32.6178,-85.4101
Target - Orange - 2191 N Tustin St,33.8242,-117.835
Target - Orange - 25 Boston Post Rd,41.2794,-72.9872
Target - Orange City - 2575 Enterprise Rd,28.9161,-81.2929
Target - Orange Park - 1919 Wells Rd,30.1883,-81.7366
Target - Orange Show - 499 W Orange Show Rd,34.0787,-117.292
Target - Orchard Park - 5622 Amanda Ln,42.7924,-78.7833
Target - Orem State Street - 175 W Center St,40.2959,-111.699
Target - Orland Park - 15850 S 94th Ave,41.6035,-87.8493
Target - Orlando East - 3770 N Goldenrod Rd,28.5961,-81.288
Target - Orlando Millenia - 4750 Millenia Plaza Way,28.494,-81.4287
Target - Orlando South - 880 Sand Lake Rd,28.4497,-81.391
Target - Oro Valley - 10555 N Oracle Rd,32.3992,-110.959
Target - Ortega - 6331 Roosevelt Blvd,30.2352,-81.6953
Target - Osage Beach - 919 Hwy D,38.1565,-92.6017
Target - Oshkosh - 1900 S Koeller St,43.998,-88.5821
Target - Oswego - 3020 Route 34,41.6967,-88.3167
Target - Ottumwa - 1020 N Quincy Ave,41.0128,-92.4376
Target - Overland Park - 12200 Blue Valley Pkwy,38.9083,-94.6747
Target - Overland Park South - 8101 W 151st,38.8531,-94.6816
Target - Overland Park West - 11501 W 97th St,38.9507,-94.7194
Target - Oviedo - 820 Oviedo Marketplace Blvd,28.6577,-81.2344
Target - Owasso - 9010 N 121st East Ave,36.2903,-95.8436
Target - Owatonna - 301 Park Dr,44.0861,-93.2487
Target - Owensboro - 5151 Frederica St,37.7204,-87.1216
Target - Owings Mills - 11200 Reisterstown Rd,39.4331,-76.7987
Target - Oxford - 400 Oxford Exchange Blvd,33.6098,-85.7836
Target - Oxford Valley - 2331 E Lincoln Hwy,40.1761,-74.8779
Target - Oxnard - 250 W Esplanade Dr,34.2284,-119.177
Target - Pace - 4727 Highway 90,30.6013,-87.1265
Target - Pacoima - 9725 Laurel Canyon Blvd,34.2455,-118.42
Target - Palatine - 679 E Dundee Rd,42.1376,-88.0227
Target - Palm Coast - 5100 E Highway 100,29.47728,-81.21963
Target - Palm Desert - 72549 Highway 111,33.7249,-116.403
Target - Palm Springs - 67750 E Palm Canyon Dr,33.7893,-116.481
Target - Palmdale - 39440 10th St W,34.5997,-118.147
Target - Palmdale East - 38019 47Th Street E,34.57525,-118.04818
Target - Panama City - 2340 Highway 77,30.1911,-85.6488
Target - Papillion - 718 N Washington St,41.1653,-96.0448
Target - Paradise Valley - 12602 N Paradise Village Pkwy W,33.6008,-111.99
Target - Park &amp; Tyrone - 4450 Park St N,27.8121,-82.7552
Target - Parker - 11150 S Twenty Mile Rd,39.5125,-104.772
Target - Parma - 6850 Ridge Rd,41.3777,-81.7362
Target - Pasadena - 5757 Fairmont Pkwy,29.6516,-95.1539
Target - Pasadena - 777 E Colorado Blvd,34.1466,-118.135
Target - Pasadena East - 3121 E Colorado Blvd,34.147,-118.086
Target - Paso Robles - 2305 Theatre Dr,35.584,-120.698
Target - Peachtree City - 1209 Peachtree Pkwy N,33.4402,-84.5898
Target - Pearland - 3045 Silverlake Village St,29.5537,-95.3841
Target - Pembroke Pines - 11253 Pines Blvd,26.0097,-80.2985
Target - Penfield - 2161 N Nine Mile Point Rd,43.1281,-77.4437
Target - Pensacola - 4711 Bayou Blvd,30.4689,-87.209
Target - Pensacola NE - 1749 E Nine Mile Rd,30.5302,-87.224
Target - Peoria - 5001 N Big Hollow Rd,40.7484,-89.6352
Target - Peoria Far North - 24890 N Lake Pleasant Pkwy,33.7088,-112.275
Target - Peoria North - 8055 W Bell Rd,33.6358,-112.228
Target - Peoria SW - 9350 W Northern Ave,33.5546,-112.261
Target - Peru - 4370 Venture Dr,41.3626,-89.1293
Target - Phila-Bridesburg - 2701 Castor Ave,39.9904,-75.0899
Target - Philadelphia NE - 11000 Roosevelt Blvd Ste 3,40.1019,-75.0105
Target - Philadelphia SE - 1 Mifflin St,39.9243,-75.1462
Target - Philadelphia West - 4000 Monument Rd,40.0065,-75.2128
Target - Phoenix NE - 21001 N Tatum Blvd Ste 20,33.6747,-111.974
Target - Phoenix North Central - 2727 W Agua Fria Fwy,33.6671,-112.119
Target - Phoenix SW - 9830 W. Lower Buckeye Rd,33.4236,-112.269
Target - Phoenix Spectrum - 5715 N 19th Ave,33.5226,-112.0959
Target - Pico Rivera - 8800 Whittier Blvd,34.0016,-118.086
Target - Pier Park - 15555 Starfish St,30.2188,-85.8686
Target - Pikesville - 1737 Reisterstown Rd,39.385,-76.7316
Target - Pinellas Park - 7150 US 19 N,27.8378,-82.6858
Target - Pineville - 9531 South Blvd,35.1077,-80.8786
Target - Pinole - 1400 Fitzgerald Dr,37.9878,-122.309
Target - Pittsburg - 4301 Century Blvd,38.008,-121.84
Target - Plainfield - 12800 S State Route 59,41.6498,-88.2052
Target - Plainfield - 2673 E Main St,39.7144,-86.3614
Target - Plainville - 91 Taunton St,42.0338,-71.3108
Target - Plano - 120 W Parker Rd,33.0376,-96.7077
Target - Plano West - 2200 Dallas Pkwy,33.0302,-96.8273
Target - Plantation - 8201 Federated West Roadway,26.1176,-80.2584
Target - Pleasant Hill - 560 Contra Costa Blvd,37.9776,-122.067
Target - Plymouth - 4175 Vinewood Ln N,45.0321,-93.4511
Target - Plymouth Meeting - 2250 Chemical Rd,40.1055,-75.2962
Target - Polaris - 1485 Polaris Pkwy,40.1387,-82.979
Target - Port Arthur - 3100 Highway 365 Ste 90,29.9477,-93.9877
Target - Port Charlotte - 1400A Tamiami Trl,27.0128,-82.1414
Target - Port Huron - 4300 24th Ave,43.03409,-82.45352
Target - Port Orange - 1771 Dunlawton Ave,29.11,-81.028
Target - Port St. Lucie - 10720 SW Village Pkwy,27.2699,-80.4279
Target - Portland East - 9800 SE Washington St,45.5165,-122.561
Target - Portland NW - 1400 N Hayden Island Dr,45.6119,-122.682
Target - Potomac Mills - 2460 Prince William Pkwy,38.6551,-77.2878
Target - Poughkeepsie - 2001 South Rd,41.6258,-73.9197
Target - Poway - 14823 Pomerado Rd,32.9804,-117.061
Target - Prattville - 2754 Legends Pkwy,32.4577,-86.396
Target - Prescott - 1851 E Highway 69,34.5488,-112.432
Target - Prince Georges Plaza - 3500 East West Hwy Ste 1200,38.9683,-76.9549
Target - Princeton - 500 Nassau Park Blvd,40.3059,-74.6766
Target - Pueblo - 3300 Dillon Dr,38.3016,-104.605
Target - Puente Hills - 17751 Colima Rd,33.9919,-117.919
Target - Puyallup - 3310 S Meridian,47.1588,-122.295
Target - Quail Springs - 13924 N Pennsylvania Ave,35.6126,-97.5477
Target - Queen Creek - 21398 S Ellsworth Loop Rd,33.25354,-111.64082
Target - Queens Place - 8801 Queens Blvd,40.7344,-73.8676
Target - Queensbury - 578 Aviation Rd Ste 1S,43.3279,-73.6794
Target - Racine - 5300 Durand Ave,42.6992,-87.8436
Target - Raleigh Central - 4191 The Circle at North Hills St,35.8362,-78.6424
Target - Raleigh Hwy 70 - 4841 Grove Barton Rd,35.8708,-78.7194
Target - Raleigh NE - 7900 Old Wake Forest Rd,35.866,-78.5682
Target - Raleigh NW - 8651 Brier Creek Pkwy,35.9031,-78.786
Target - Rancho California - 29676 Rancho California Rd,33.5063,-117.146
Target - Rancho Cordova - 10881 Olson Dr,38.5944,-121.287
Target - Rancho Cucamonga - 10576 Foothill Blvd,34.1081,-117.574
Target - Rancho San Diego - 2911 Jamacha Rd,32.739,-116.939
Target - Rancho Santa Margarita - 30602 Rancho Santa Margarita Pkwy,33.6417,-117.598
Target - Rapid City - 2200 N Maple Ave,44.1069,-103.212
Target - Red Wing - 151 Tyler Rd N,44.5688,-92.5837
Target - Redding - 1280 Dana Dr,40.5867,-122.349
Target - Redlands - 27320 W Lugonia Ave,34.0717,-117.207
Target - Redmond - 17700 NE 76th St,47.672,-122.104
Target - Redondo Beach - 1601 Kingsdale Ave,33.8689,-118.358
Target - Redwood City - 2485 El Camino Real,37.4754,-122.218
Target - Regency - 444 Monument Rd,30.3287,-81.5484
Target - Reno South - 6845 Sierra Center Pkwy,39.4636,-119.781
Target - Renton - 1215 N Landing Way,47.49656,-122.19968
Target - Reston - 12197 Sunset Hills Rd,38.9549,-77.3707
Target - Revere - 36 Furlong Dr,42.3991,-70.9995
Target - Richardson Sq Mall - 601 S Plano Rd,32.9434,-96.6976
Target - Richfield - 6445 Richfield Pkwy,44.8859,-93.2494
Target - Richland - 2941 Queensgate Dr,46.25877,-119.31278
Target - Richland Twp North - 550 Grandview Crossing Dr,40.6426,-79.941
Target - Richland Twp. - 610 N West End Blvd,40.4603,-75.3712
Target - Richmond - 4500 Macdonald Ave,37.93197,-122.32635
Target - Richmond Brandermill - 4601 Commonwealth Center Pkwy,37.4219,-77.633
Target - Richmond Central - 5401 W Broad St,37.5867,-77.5014
Target - Richmond NW - 11290 W Broad St,37.65,-77.5998
Target - Richmond Near NW - 9001 Staples Mill Rd,37.6392,-77.5119
Target - Richmond West - 11301 Midlothian Tpke,37.5038,-77.605
Target - Ridgedale - 13201 Ridgedale Dr,44.9695,-93.4466
Target - Ridgmar - 751 Alta Mere Dr,32.74813,-97.43217
Target - Rio Rancho - 4225 Crestview Dr,35.2533,-106.651
Target - Riverbank - 2425 Claribel Rd,37.71374,-120.95509
Target - Riverdale - 1135 W Riverdale Rd,41.1735,-112.006
Target - Riverdale - 40 W 225th St #50,40.8727,-73.9073
Target - Riverdale - 94 State Rt 23,40.98919,-74.32609
Target - Rivergate - 2050 Gallatin Rd N,36.3037,-86.6941
Target - Riverhead - 1150 Old Country Rd,40.9331,-72.6776
Target - Riverside - 3520 Tyler St,33.9065,-117.46
Target - Riverside Arlington - 3333 Arlington Ave,33.9473,-117.382
Target - Riverside SE - 2755 Canyon Springs Pkwy,33.939,-117.282
Target - Riverwood - 5950 State Bridge Rd,34.0148,-84.1886
Target - Roanoke - 4737 Valley View Blvd NW,37.2994,-79.9592
Target - Rochester - 2887 S Rochester Rd,42.6375,-83.1293
Target - Rochester - 3827 Marketplace Dr NW,44.0624,-92.5027
Target - Rochester South - 4611 Maine Ave SE,43.9553,-92.4638
Target - Rock Hill - 1900 Springsteen Rd,34.9388,-80.9784
Target - Rockaway - 381 Mount Hope Ave,40.9039,-74.5492
Target - Rockford - 6560 E State St,42.2693,-88.9875
Target - Rockville - 5700 Bou Ave,39.0558,-77.1167
Target - Rockwall - 850 Steger Towne Rd,32.8941,-96.4683
Target - Rocky Mount - 731 Sutters Creek Blvd,35.9713,-77.811
Target - Rogers - 21615 S Diamond Lake Rd,45.1978,-93.5541
Target - Rohnert Park - 475 Rohnert Park Expy W,38.3467,-122.72
Target - Romeoville - 349 S Weber Rd,41.61223,-88.12126
Target - Rosemead - 3600 Rosemead Blvd,34.0749,-118.07
Target - Rosemont - 7000 Mannheim Rd,42.0067,-87.8862
Target - Rosenberg - 23912 Commercial Dr,29.5479,-95.7524
Target - Roseville - 1925 Douglas Blvd,38.746,-121.254
Target - Roseville North - 10451 Fairway Dr,38.7909,-121.29
Target - Roseville T1 - 1515 County Road B W,45.0072,-93.1642
Target - Ross Township - 4801 McKnight Rd Ste 60,40.5255,-80.0082
Target - Roswell - 1135 Woodstock Rd,34.0637,-84.3976
Target - Roswell - 2725 N Main St,33.4266,-104.522
Target - Round Rock - 121 Louis Henna Blvd,30.4791,-97.6694
Target - Rowlett - 4701 Lakeview Pkwy,32.9086,-96.5599
Target - Royal Palm Beach - 10155 Okeechobee Blvd,26.7108,-80.2029
Target - S Colorado Springs - 1630 E Cheyenne Mountain Blvd,38.7928,-104.801
Target - SW Military Drive - 2810 SW Military Dr,29.3554,-98.5407
Target - SW Moline - 900 42nd Avenue Dr,41.4692,-90.5247
Target - Sacramento Arden - 1919 Fulton Ave,38.6005,-121.402
Target - Sacramento Madison - 5001 Madison Ave,38.6615,-121.349
Target - Sacramento Natomas - 3601 North Freeway Blvd,38.6378,-121.5
Target - Sacramento Riverside - 2505 Riverside Blvd,38.5623,-121.498
Target - Sacramento SW - 8101 Cosumnes River Blvd,38.4591,-121.415
Target - Saginaw - 2772 Tittabawassee Rd,43.479,-83.9723
Target - Salem - 203 S Broadway,42.7647,-71.2155
Target - Salem - 227 Highland Ave,42.5038,-70.92
Target - Salem - 3790 Center St NE,44.9388,-122.986
Target - Salina - 2939 Market Pl,38.7841,-97.6092
Target - Salinas - 1640 N Main St,36.7142,-121.653
Target - Salisbury - 125 E North Point Dr,38.4157,-75.5606
Target - San Angelo - 4235 Sunset Dr,31.432,-100.501
Target - San Antonio Culebra - 5355 W Loop 1604 N,29.4921,-98.7093
Target - San Antonio NE - 8234 Agora Pkwy,29.5687,-98.3271
Target - San Antonio North - 18255 Blanco Rd,29.6122,-98.5099
Target - San Antonio SE - 3227 SE Military Dr,29.3531,-98.4334
Target - San Antonio West - 11311 Bandera Rd,29.5481,-98.6639
Target - San Antonio Westover - 8223 State Highway 151,29.4375,-98.6494
Target - San Bernardino - 2380 Sterling Ave,34.1381,-117.245
Target - San Diego Mission Valley - 1288 Camino Del Rio N,32.7693,-117.147
Target - San Dimas - 888 W Arrow Hwy,34.1044,-117.823
Target - San Jose Capitol - 450 N Capital Ave,37.3723,-121.843
Target - San Jose Central - 2161 Monterey Hwy,37.30357,-121.86681
Target - San Jose College Park - 533 Coleman Ave,37.3387,-121.905
Target - San Jose East - 3155 Silver Creek Rd,37.3071,-121.813
Target - San Jose Landess - 2155 Morrill Ave,37.4143,-121.876
Target - San Jose Oakridge - 879 Blossom Hill Rd,37.2522,-121.863
Target - San Jose Story Road - 1750 Story Rd,37.3397,-121.841
Target - San Jose West - 1811 Hillsdale Ave,37.2645,-121.918
Target - San Jose Westgate - 1600 Saratoga Ave,37.2919,-121.989
Target - San Leandro Bayfair - 15555 E 14th St Ste 400,37.6997,-122.126
Target - San Marcos - 1180 Thorpe Ln,29.8864,-97.9235
Target - San Mateo Fashion Island - 2220 Bridgepointe Pkwy,37.5593,-122.283
Target - San Ramon - 2610 Bishop Dr,37.7618,-121.964
Target - Sand City - 2040 California Ave,36.6212,-121.844
Target - Sandusky - 4020 Milan Rd,41.4213,-82.6744
Target - Sandy South Towne - 10130 S State St,40.5667,-111.892
Target - Sandy Springs - 235 Johnson Ferry Rd NW,33.9248,-84.3815
Target - Sanford - 1201 W P Ball Blvd,28.7993,-81.3337
Target - Santa Ana - 1330 E 17th St,33.7591,-117.851
Target - Santa Ana - 3300 S Bristol St,33.7028,-117.887
Target - Santa Ana NW - 1441 W 17th St,33.7611,-117.888
Target - Santa Fe - 3550 Zafarano Dr,35.6396,-106.013
Target - Santa Fe Springs - 10621 Carmenita Rd,33.9375,-118.048
Target - Santa Maria - 223 E Betteravia Rd,34.9217,-120.435
Target - Santa Rosa South - 1980 Santa Rosa Ave,38.4196,-122.712
Target - Santee - 9846 Mission Gorge Rd,32.8419,-116.982
Target - Sarasota - 8401 S Tamiami Trl,27.228,-82.4924
Target - Saratoga Springs - 3031 Route 50,43.0996,-73.7444
Target - Saugus - 400 Lynn Fells Pkwy,42.4811,-71.0246
Target - Savage - 14333 Hwy 13,44.744,-93.3776
Target - Savannah - 14065 Abercorn St,31.9839,-81.175
Target - Savannah East - 1907 E Victory Dr,32.04063,-81.06959
Target - Sawgrass - 12801 W Sunrise Blvd,26.1509,-80.3216
Target - Scottsbluff - 1401 Frontage Rd,41.8701,-103.643
Target - Scottsdale - 9000 E Indian Bend Rd,33.5403,-111.888
Target - Seal Beach - 12300 Seal Beach Blvd,33.7827,-118.07
Target - Seekonk - 79 Commerce Way,41.7957,-71.3208
Target - Seven Springs - 2900 Little Rd,28.2042,-82.6646
Target - Shakopee - 1685 17th Ave E,44.7755,-93.5012
Target - Shawnee - 15700 Shawnee Mission Pkwy,39.0099,-94.7681
Target - Shelby Township - 8200 26 Mile Rd,42.7116,-83.0324
Target - Sheridan - 3650 Riverpoint Pkwy,39.6506,-105.00598
Target - Sherman - 4160 Town Center Road,33.68,-96.6121
Target - Sherwood - 21365 SW Baler Way,45.3666,-122.838
Target - Shiloh - 3400 Green Mountcrossing Dr,38.5729,-89.9238
Target - Shoreview - 3800 Lexington Ave N,45.0569,-93.1447
Target - Shorewood - 1111 Brook Forest Ave,41.5425,-88.2027
Target - Shreveport - 7110 Youree Dr,32.4413,-93.7194
Target - Sierra Vista - 4151 E Highway 90,31.5559,-110.255
Target - Signal Hill - 950 East 33rd St,33.8164,-118.182
Target - Silver Spring - 12000 Cherry Hill Rd,39.0519,-76.9562
Target - Silverdale - 3201 NW Randall Way,47.6582,-122.695
Target - Silverthorne - PO Box 26870,39.6382,-106.078
Target - Simi Valley - 2907 Cochran St,34.2815,-118.742
Target - Simpsonville - 694 Fairview Rd,34.7064,-82.2558
Target - Sioux City - 5775 Sunnybrook Dr,42.4514,-96.3343
Target - Sioux Falls - 3600 S Louise Ave,43.512,-96.7691
Target - Skyline - 5115 Leesburg Pike,38.8445,-77.1163
Target - Slidell - 61121 Airport Rd,30.317,-89.8289
Target - Smithfield - 371 Putnam Pike Ste A-250,41.8765,-71.5187
Target - Smyrna - 2201 Cobb Pkwy SE,33.8977,-84.479
Target - Smyrna - 803 Industrial Blvd,35.97938,-86.57038
Target - Snellville - 1905 Scenic Hwy N,33.8753,-84.0156
Target - Somersworth - 11 Andrews Rd,43.235,-70.8833
Target - Somerville - 180 Somerville Ave,42.3769,-71.0899
Target - South Bend - 1400 E Ireland Rd,41.6278,-86.2291
Target - South Brunswick - 4196 US Highway 1,40.3809,-74.5759
Target - South Center - 301 Strander Blvd,47.4554,-122.258
Target - South County - 4250 Rusty Rd,38.5068,-90.3394
Target - South Denver - 2155 S Sheridan Blvd,39.6778,-105.056
Target - South Des Moines - 1111 E Army Post Rd Ste 2204,41.5249,-93.5991
Target - South Elgin - 530 Randall Rd,41.9756,-88.3439
Target - South Gate - 5700 Firestone Blvd,33.9483,-118.167
Target - South Jordan - 11525 Parkway Plaza Dr,40.5418,-111.983
Target - South Mountain - 2140 E Baseline Rd,33.3791,-112.034
Target - South Plainfield - 5000 Hadley Center Dr,40.5484,-74.4234
Target - South Portland - 200 Running Hill Rd,43.6339,-70.3471
Target - South Setauket - 255 Pond Path Rd,40.8842,-73.1001
Target - South Union Twp. - 120 Matthew Dr,39.9082,-79.7573
Target - South Windsor - 125 Buckland Hills Dr,41.8098,-72.5497
Target - Southfield - 30333 Southfield Rd,42.5133,-83.2252
Target - Southland - 14099 Pardee Rd,42.2032,-83.2557
Target - Southport - 4850 E Southport Rd,39.6675,-86.0849
Target - Southside - 9041 Southside Blvd,30.1926,-81.5509
Target - Sparks - 505 E Prater Way,39.5402,-119.738
Target - Spartanburg - 8199 Warren H Abernathy Pkwy,34.934,-82.0087
Target - Spokane Valley - 13724 E Sprague Ave,47.6564,-117.219
Target - Sports Arena - 3245 Sports Arena Blvd,32.7522,-117.21
Target - Spring Hill - 1033 Crossings Blvd,35.74054,-86.94053
Target - Spring Hill - 4401 Commercial Way,28.4932,-82.5996
Target - Spring Township - 2769 Papermill Rd,40.357,-75.981
Target - Spring Valley - 50 Spring Valley Market Pl,41.1047,-74.0236
Target - Springdale - 900 E Kemper Rd,39.2879,-84.4542
Target - Springfield - 1825 E Primrose St,37.1511,-93.2623
Target - Springfield - 1885 W 1st St,39.9405,-83.8408
Target - Springfield - 2750 Gateway St,44.0727,-123.046
Target - Springfield - 3445 Freedom Dr,39.7494,-89.7101
Target - Springfield - 6600 Springfield Mall,38.7748,-77.1756
Target - Springfield - 857 Baltimore Pike,39.9155,-75.334
Target - Springhurst - 4101 Towne Center Dr,38.2972,-85.558
Target - St Augustine - 1440 US Hwy 1 S,29.8758,-81.3222
Target - St Charles - 3881 Mexico Rd,38.7878,-90.5627
Target - St Charles - 3885 E Main St,41.9186,-88.2645
Target - St Cloud - 4201 W Division St,45.5571,-94.2087
Target - St Cloud East - 125 Lincoln Ave SE,45.5648,-94.1448
Target - St George - 275 S River Rd,37.1013,-113.555
Target - St Louis Park - 3601 Highway 100 S,44.9371,-93.3468
Target - St Matthews - 4174 Westport Rd,38.2583,-85.6426
Target - St Peters - 6241 Mid Rivers Mall Dr,38.7391,-90.6359
Target - St Petersburg Gateway - 8151 Dr Martin Luther King St N,27.8464,-82.6442
Target - St. John - 9885 Wicker Ave,41.4399,-87.4681
Target - St. Joseph - 5201 N Belt Hwy Ste H,39.8114,-94.8133
Target - St. Paul Midway - 1300 University Ave W,44.9546,-93.1552
Target - Stafford - 1090 Stafford Market Pl,38.4692,-77.4086
Target - Stafford South - 25 S Gateway Dr,38.34484,-77.49382
Target - Stafford Township - 209 Stafford Park Blvd,39.71078,-74.28347
Target - Stamford - 21 Broad St,41.0553,-73.5417
Target - State College - 315 Colonnade Blvd,40.8106,-77.9118
Target - Stateline - 1201 W 136th St,38.8802,-94.606
Target - Staten Island - 2900 Veterans Rd W,40.529,-74.2304
Target - Steeplechase - 12701 FM 1960 Rd W,29.9197,-95.6062
Target - Sterling - 46201 Potomac Run Plz,39.0262,-77.4003
Target - Sterling Heights - 35700 Van Dyke Ave,42.5528,-83.0272
Target - Sterling Heights W - 2310 Metropolitan Pkwy,42.5629,-83.0868
Target - Sterling West - 45130 Columbia PL,39.0084,-77.4388
Target - Stevens Point - 5300 US Highway 10 E,44.5244,-89.5226
Target - Stillwater - 2021 Market Dr,45.0373,-92.8386
Target - Stockton - 4707 Pacific Ave,37.992,-121.314
Target - Stockton North - 10424 Trinity Parkway,38.0556,-121.374
Target - Stone Mountain - 2055 W Park Place Blvd,33.8189,-84.1215
Target - Stone Oak - 22832 US Highway 281N,29.6534,-98.4447
Target - Stow - 4200 Kent Rd,41.1556,-81.41
Target - Streamwood - 1001 Sutton Rd,42.0179,-88.2014
Target - Streetsboro - 1144 State Route 303,41.238,-81.3531
Target - Strongsville - 18200 Royalton Rd,41.3168,-81.8277
Target - Stroudsburg - 350 Pocono Commons,40.9942,-75.2449
Target - Stuart - 2650 NW Federal Hwy,27.2367,-80.2721
Target - Sturgeon Bay - 410 S Ashland Ave,44.8221,-87.4039
Target - Sugar Land - 16300 Southwest Fwy,29.5968,-95.6275
Target - Sugarcreek Township - 4341 Feedwire Rd,39.6584,-84.1071
Target - Summerville - 450 Azalea Square Blvd,33.0397,-80.1573
Target - Suncoast Pasco County - 16400 State Road 54,28.1842,-82.5509
Target - Sunnyvale - 211 W Iowa Ave,37.3741,-122.031
Target - Superior - 3535 Tower Ave,46.6971,-92.1056
Target - Superior - 400 Marshall Rd,39.9564,-105.173
Target - Surprise - 13731 W Bell Rd,33.6371,-112.352
Target - Tallahassee - 2120 Apalachee Pkwy,30.4326,-84.245
Target - Tallahassee North - 3700 Bradfordville Rd,30.5631,-84.214
Target - Tampa Central Walter&apos;s Crossing - 1544 N Dale Mabry Hwy,27.9572,-82.508
Target - Tampa North - 1040 Dale Mabry Hwy,28.17384,-82.47047
Target - Tampa West - 11627 West Hillsborough Ave,28.01691,-82.61232
Target - Tanasbourne - 18101 NW Evergreen Pkwy,45.5388,-122.866
Target - Tanforan - 1150 El Camino Real,37.6352,-122.418
Target - Taunton - 81 Taunton Depot Dr,41.8781,-71.0693
Target - Tempe - 1818 E Baseline Rd,33.3795,-111.908
Target - Tempe NE - 1800 E Rio Salado Pkwy Ste 120,33.4312,-111.904
Target - Temple - 3550 S General Bruce Dr,31.0926,-97.3855
Target - Texarkana - 102 Richmond Ranch Rd,33.4581,-94.0917
Target - Thornton - 1001 E 120th Ave,39.9161,-104.975
Target - Thousand Oaks - 2705 Teller Rd,34.1912,-118.935
Target - Timonium - 9901 York Rd,39.4622,-76.6343
Target - Tinley Park - 7300 191st St,41.5468,-87.798
Target - Titusville - 3055 Columbia Blvd,28.5521,-80.8411
Target - Toledo NE - 817 W Alexis Rd,41.7203,-83.5612
Target - Toledo NW - 5225 Monroe St,41.6995,-83.6539
Target - Toledo SE - 9666 Olde US 20,41.5427,-83.5804
Target - Toledo W - 1465 E Mall Dr,41.6153,-83.6948
Target - Tomball Parkway - 21515 Tomball Pkwy,29.9997,-95.5838
Target - Toms River - 1331 Hooper Ave,39.9879,-74.1754
Target - Topeka - 2120 SW Wanamaker Rd,39.028,-95.759
Target - Topsham - 125 Topsham Fair Mall Rd,43.9349,-69.9824
Target - Torrance - 3433 Sepulveda Blvd,33.8267,-118.346
Target - Torrington - 1922 E Main St,41.81853,-73.07571
Target - Town &amp; Country - 1272 Town &amp; Country Crossing Dr,38.61999,-90.51989
Target - Town &amp; Country - 6295 W Waters Ave,28.0272,-82.5489
Target - Towson - 1238 Putty Hill Ave,39.3948,-76.5814
Target - Tracy - 2800 Naglee Rd,37.7601,-121.459
Target - Traverse City - 3130 S Airport Rd W,44.7255,-85.6369
Target - Trotwood - 2800 Shiloh Springs Rd,39.8179,-84.2814
Target - Troy - 1301 Coolidge Hwy,42.5449,-83.1891
Target - Trumbull - 120 Hawley Ln,41.2335,-73.1518
Target - Trussville - 1654 Gadsden Hwy,33.6047,-86.6371
Target - Tucson Broadway - 5255 E Broadway Blvd,32.2228,-110.88
Target - Tucson El Con Mall - 3699 E Broadway Blvd,32.2228,-110.918
Target - Tucson NE - 6500 E Grant Rd,32.2493,-110.853
Target - Tucson NW - 3901 W Ina Rd,32.3354,-111.049
Target - Tucson North - 4040 N Oracle Rd,32.2802,-110.977
Target - Tucson SE - 9615 E Old Spanish Trl,32.2081,-110.788
Target - Tucson SW - 1225 W Irvington Rd,32.1606,-110.989
Target - Tulare - 2195 E Prosperity Ave,36.22507,-119.3146
Target - Tulsa - 1701 S Yale Ave,36.137,-95.9205
Target - Tulsa Hills - 7437 S Olympia Ave W,36.05489,-96.00367
Target - Tulsa SE - 10711 E 71st St,36.0628,-95.8565
Target - Turlock - 3000 Countryside Dr,37.5205,-120.879
Target - Turnersville - 4001 Black Horse Pike,39.7324,-75.0397
Target - Tuscaloosa - 1901 13th Ave E,33.1933,-87.5182
Target - Tustin - 2300 Park Ave,33.6965,-117.827
Target - Twin Falls - 1611 Blue Lakes Blvd N,42.5907,-114.462
Target - Tyler - 7003 S Broadway Ave,32.2734,-95.3086
Target - Union - 2690 US Hwy 22 E,40.6866,-74.3088
Target - Union North - 2235 Springfield Ave,40.71713,-74.28567
Target - University Heights - 14070 Cedar Rd,41.5007,-81.5329
Target - University Parkway - 101  N Cattlemen Rd,27.3865,-82.4568
Target - University Plaza - 13658 University Plaza St,28.0723,-82.4279
Target - Upland - 1931 Campus Ave,34.133,-117.641
Target - Upper Providence - PO Box 985,40.1305,-75.4533
Target - Upper Providence N - 1824 E Ridge Pike,40.2127,-75.4997
Target - Urbandale - 11148 Plum Dr,41.6474,-93.7676
Target - Vacaville - 3000 Harbison Dr,38.3631,-121.964
Target - Vadnais Heights - 975 County Road E,45.0522,-93.06
Target - Valdosta - 1815 Norman Dr,30.8433,-83.3169
Target - Valencia - 24425 Magic Mountain Pkwy,34.4203,-118.561
Target - Vallejo - 904 Admiral Callaghan Lane,38.1317,-122.224
Target - Valley Stream - 500 W Sunrise Hwy,40.6611,-73.7258
Target - Valparaiso - 2420 Laporte Ave,41.467,-87.0302
Target - Van Nuys - 5711 Sepulveda Blvd,34.1743,-118.467
Target - Van Nuys North - 14920 Raymer St,34.2128,-118.461
Target - Vancouver - 7809C NE Vancouver Plaza Dr,45.6508,-122.592
Target - Vancouver East - 16200 SE Mill Plain Blvd,45.6165,-122.506
Target - Vancouver NW - 8801 NE Hazel Dell Ave,45.6865,-122.667
Target - Venice - 4271 Tamiami Trl S,27.0522,-82.3918
Target - Ventura - 4200 E Main St,34.2622,-119.237
Target - Ventura West - 245 S Mills Rd,34.2702,-119.24893
Target - Vernon Hills - 313 E Townline Rd,42.239,-87.9579
Target - Vero Beach - 5800 20th St,27.6401,-80.4479
Target - Victor - 7500 Commons Blvd,43.0334,-77.4485
Target - Victoria - 7608 NE Zac Lentz Pkwy,28.8654,-96.9992
Target - Victorville - 15321 Palmdale Rd,34.5061,-117.329
Target - Viera - 8455 N Wickham Rd,28.2281,-80.7203
Target - Villa Park - 50 E North Ave,41.9068,-87.9774
Target - Virginia - 1001 13th St S,47.5112,-92.5502
Target - Virginia Beach East - 525 First Colonial Rd,36.8466,-76.0223
Target - Virginia Beach SE - 2233 Upton Dr,36.75558,-76.00873
Target - Virginia Beach South - 2060 S Independence Blvd,36.7878,-76.1089
Target - Virginia Center Commons - 10100 Brook Rd,37.6727,-77.4628
Target - Visalia - 4247 S Mooney Blvd,36.2921,-119.317
Target - Vista - 1751 University Dr,33.1682,-117.215
Target - Vista Ridge - 725 Hebron Pkwy,33.0104,-96.9686
Target - Voorhees - 1139 White Horse Rd,39.8503,-74.9844
Target - Waco - 5401 Bosque Blvd,31.5346,-97.1926
Target - Wadsworth - 1183 Williams Reserve Blvd,41.0428,-81.6921
Target - Wake Forest - 12000 Retail Dr,35.9743,-78.5422
Target - Walden Galleria - 1750 Walden Ave,42.9108,-78.7722
Target - Waldorf - 3300 Western Pkwy,38.6211,-76.9232
Target - Walnut Creek - 1871 N Main St,37.9046,-122.065
Target - Ward Parkway - 8509 State Line Rd,38.9724,-94.6075
Target - Wareham - 2421 Cranberry Hwy Ste 110,41.77296,-70.74629
Target - Warner Robins - 2929 Watson Blvd,32.6167,-83.6859
Target - Warren - 27300 Dequindre Rd,42.4936,-83.0843
Target - Warrenville - 28201 Diehl Rd,41.8008,-88.1705
Target - Warrington - 401 Easton Rd,40.2234,-75.1371
Target - Warwick - 1245 Bald Hill Rd,41.7065,-71.4937
Target - Warwick North - 400 Bald Hill Rd,41.72447,-71.47615
Target - Washington - 1851 Vernaci Dr,38.5359,-90.9813
Target - Washington - 335 Washington Rd,40.1878,-80.2269
Target - Washington Square - 10202 E Washington St,39.7771,-85.9869
Target - Washington Square - 9009 SW Hall Blvd,45.4543,-122.779
Target - Watauga - 8000 Denton Hwy,32.8899,-97.2572
Target - Watchung - 1515 US Highway 22,40.6412,-74.4221
Target - Waterbury - 300 Chase Ave,41.5832,-73.0337
Target - Waterford - 355 Summit Dr,42.6439,-83.335
Target - Waterford - 900 Hartford Tpke,41.3773,-72.1496
Target - Waterford Lakes - 325 N Alafaya Trl,28.553,-81.2002
Target - Waterford Park - 1125 Veterans Pkwy,38.3268,-85.7665
Target - Waterfront - 360 Waterfront Dr E,40.4108,-79.9108
Target - Waterloo - 1501 E San Marnan Dr,42.4666,-92.3236
Target - Watertown - 2000 9th Ave SE,44.8891,-97.0833
Target - Watertown - 21800 Towne Center Dr,43.9716,-75.9611
Target - Watertown - 550 Arsenal St,42.3639,-71.158
Target - Watsonville - 1415 Main St,36.9158,-121.776
Target - Waukegan - 3050 N Lewis Ave,42.4079,-87.8561
Target - Waukesha - 2401 Kossow Rd,43.0348,-88.1774
Target - Wausau - 2707 Schofield Ave,44.9072,-89.5911
Target - Wauwatosa - 3900 N 124th St,43.0876,-88.0642
Target - Waxahachie - 1316 N Highway 77,32.4244,-96.8377
Target - Waynesboro - 811 Town Center Drive,38.05717,-78.9426
Target - Weatherford - 122 E Interstate 20,32.7279,-97.7861
Target - Webster - 1050 Ridge Rd,43.2137,-77.4502
Target - Wellington South - 5900 State Road 7,26.5932,-80.2031
Target - Wenatchee - 1102 Springwater St,47.4375,-120.327
Target - Wentzville - 1883 Wentzville Pkwy,38.82014,-90.88093
Target - Wesley Chapel - 6350 Weddington Monroe Rd,34.9993,-80.6956
Target - West Allis - 2600 S 108th St,42.9962,-88.0454
Target - West Boca Raton - 21637 State Road 7,26.3553,-80.2052
Target - West Chester Township - 7644 Voice of America Center Dr,39.3561,-84.3617
Target - West Colonial - 7501 W Colonial Dr,28.5539,-81.4857
Target - West Covina - 2831 E Eastland Ctr Dr,34.0736,-117.885
Target - West Covina South - 2370 S Azusa Ave,34.04076,-117.91106
Target - West Des Moines - 1800 Valley West Dr,41.5994,-93.753
Target - West Des Moines SW - 5405 Mill Civic Pkwy,41.5612,-93.7794
Target - West Dundee - 999 W Main St,42.0971,-88.2945
Target - West Fullerton - 1893 W Malvern Ave,33.8799,-117.963
Target - West Hills - 6635 Fallbrook Ave,34.1904,-118.627
Target - West Hollywood - 7100 Santa Monica Blvd Ste 201,34.0901,-118.345
Target - West Jordan - 6748 Redwood Rd,40.6291,-111.94
Target - West Jordan SW - 7779 Jordan Landing Blvd,40.6114,-111.984
Target - West Lansing - 5609 W Saginaw Hwy,42.7403,-84.6272
Target - West Las Vegas - 3550 S Rainbow Blvd,36.1247,-115.242
Target - West Livonia - 20100 Haggerty Rd,42.4346,-83.4314
Target - West Marietta - 2535 Dallas Hwy SW,33.9478,-84.6256
Target - West Mifflin - 1717 Lebanon Church Rd,40.3478,-79.9538
Target - West Milwaukee - 1501 Miller Park Way,43.0156,-87.9707
Target - West Palm Beach - 1760 Palm Beach Lakes Blvd,26.7223,-80.0849
Target - West Sacramento - 2005 Town Center Plz,38.549,-121.536
Target - West Schaumburg - 2621 W Schaumburg Rd,42.0236,-88.1458
Target - West Seattle - 2800 SW Barton St,47.5217,-122.367
Target - West St. Paul - 1750 Robert St S,44.8933,-93.0787
Target - Westborough - 330 Turnpike Rd,42.2807,-71.6555
Target - Westbury - 999 Corporate Dr,40.7417,-73.5995
Target - Westchase - 10801 Westheimer Rd,29.7354,-95.5684
Target - Western Hills - 5045 Glencrossing Way,39.1293,-84.6087
Target - Westheimer - 8605 Westheimer Rd,29.7364,-95.5186
Target - Westland - 35401 Warren Rd,42.3374,-83.3912
Target - Westminster - 10445 Reed St,39.8872,-105.073
Target - Westminster - 16400 Beach Blvd,33.7256,-117.986
Target - Westminster - 200 Malcolm Dr,39.567,-76.9738
Target - Westminster NE - 14451 Orchard Pkwy,39.9584,-104.989
Target - Westminster NW - 200 Westminster Mall,33.7466,-118.011
Target - Westridge - 7409 W Virginia Ave,33.4758,-112.218
Target - Westwood Village - 32858 FM 2978 Rd,30.21726,-95.56587
Target - Wheaton - 11160 Veirs Mill Rd,39.0365,-77.055
Target - Wheaton - 601 S County Farm Rd,41.8588,-88.1403
Target - Wheeling - 1400 W Lake Cook Rd,42.1544,-87.951
Target - Wheeling - 300 Cabela Dr,40.0578,-80.5991
Target - White Bridge - 26 White Bridge Rd,36.1307,-86.8539
Target - White Marsh - 5230 Campbell Blvd,39.3708,-76.4521
Target - White Plains - 9 City Pl,41.0324,-73.7653
Target - Whitehall - 3955 E Broad St,39.9709,-82.8953
Target - Whittier - 15614 Whittwood Ln,33.9439,-117.996
Target - Wichita East - 301 S Towne East Mall Dr,37.6833,-97.2514
Target - Wichita Falls - 4317 Kemp Blvd,33.8646,-98.534
Target - Wichita Far West - 7575 Maple St,37.6783,-97.432
Target - Wichita NE - 10800 E 21st St N,37.7244,-97.2113
Target - Wichita NW - 2727 N Maize Rd,37.7322,-97.4648
Target - Wilkes-Barre - 3400 Wilkes-Barre Township Commons,41.2375,-75.8463
Target - Williamsburg - 4630 Monticello Ave,37.2711,-76.7607
Target - Williamsburg East - 200 Marquis Pkwy,37.25859,-76.6418
Target - Williamsport - 170 S Lycoming Mall Rd,41.24358,-76.83518
Target - Willmar - 2505 1st St S,45.1017,-95.0412
Target - Willoughby - 36195 Euclid Ave,41.6289,-81.4286
Target - Willowbrook - 6801 FM 1960 Rd W,29.9681,-95.5316
Target - Willowbrook - 7601 Kingery Hwy,41.7491,-87.944
Target - Wilmington - 4711 New Centre Dr,34.2485,-77.8807
Target - Wilson - 3401 Raleigh Road Pkwy W Ste 1A,35.7428,-77.9654
Target - Wilsonville - 25925 SW Heather Pl,45.3332,-122.767
Target - Winchester - 2340 Legge Blvd,39.1531,-78.1685
Target - Winchester North - 191 Market Street,39.2212,-78.1359
Target - Windsor - 1075 Kennedy Rd,41.8914,-72.6524
Target - Winona - 860 Mankato Ave,44.0321,-91.621
Target - Winston-Salem North - 5420 University Pkwy,36.1684,-80.2787
Target - Winston-Salem South - 1040 Hanes Mall Blvd,36.0692,-80.32
Target - Winter Garden - 3343 Daniels Rd,28.52306,-81.58576
Target - Woburn - 101 Commerce Way,42.5187,-71.1347
Target - Wood Dale - 401 W Irving Park Rd,41.967,-87.9929
Target - Woodbury - 7200 Valley Creek Plz,44.9269,-92.9596
Target - Woodfield - 1235 E Higgins Rd,42.03852,-88.04911
Target - Woodhaven - 23555 Allen Rd,42.1378,-83.225
Target - Woodinville - 13950 NE 178th Pl,47.7586,-122.155
Target - Woodland - 2185 Bronze Star Dr,38.67278,-121.72546
Target - Woodland Hills - 20801 Ventura Blvd,34.167,-118.587
Target - Woodlands - 1100 Lake Woodlands Dr,30.1693,-95.4534
Target - Woodridge - 2333 63rd St,41.7711,-88.039
Target - Woodstock - 140 Woodstock Square Ave,34.0853,-84.5456
Target - Worcester - 529 Lincoln St,42.2928,-71.7749
Target - Wyoming - 5455 Clyde Park Ave SW,42.8651,-85.6864
Target - Yakima - 12 N Fair Ave,46.6065,-120.489
Target - York Galleria - 2610 Pleasant Valley Rd,39.987,-76.6802
Target - York West - 2251 York Crossing Dr,39.9642,-76.7787
Target - Yorkville - 1652 North Beecher Rd,41.6612,-88.4604
Target - Yuba City - 1153 Butte House Rd,39.146,-121.633
Target - Yulee - 463737 State Rd 200,30.6278,-81.5487
Target - Yuma - 1450 S Yuma Palms Pkwy,32.7006,-114.602